-- phpMyAdmin SQL Dump
-- version 5.2.1
-- https://www.phpmyadmin.net/
--
-- 主機： 127.0.0.1
-- 產生時間： 2023 年 05 月 24 日 12:28
-- 伺服器版本： 10.4.28-MariaDB
-- PHP 版本： 8.2.4

SET SQL_MODE = "NO_AUTO_VALUE_ON_ZERO";
START TRANSACTION;
SET time_zone = "+00:00";


/*!40101 SET @OLD_CHARACTER_SET_CLIENT=@@CHARACTER_SET_CLIENT */;
/*!40101 SET @OLD_CHARACTER_SET_RESULTS=@@CHARACTER_SET_RESULTS */;
/*!40101 SET @OLD_COLLATION_CONNECTION=@@COLLATION_CONNECTION */;
/*!40101 SET NAMES utf8mb4 */;

--
-- 資料庫： `housingwebsiteproject`
--

-- --------------------------------------------------------

--
-- 資料表結構 `browses`
--

CREATE TABLE `browses` (
  `uId` int(10) NOT NULL,
  `pId` int(10) NOT NULL,
  `browseTime` datetime NOT NULL
) ENGINE=InnoDB DEFAULT CHARSET=utf8mb4 COLLATE=utf8mb4_general_ci;

--
-- 傾印資料表的資料 `browses`
--

INSERT INTO `browses` (`uId`, `pId`, `browseTime`) VALUES
(0, 2, '2023-05-24 12:32:37'),
(0, 3, '2023-05-24 16:06:00'),
(0, 8, '2023-05-24 16:21:22'),
(3, 1, '2023-05-03 14:12:49'),
(3, 1, '2023-05-24 12:34:14'),
(3, 2, '2023-05-05 16:18:49'),
(3, 3, '2023-05-24 14:26:34'),
(3, 4, '2023-05-24 12:34:17'),
(3, 8, '2023-05-03 15:25:55'),
(3, 8, '2023-05-24 12:33:43'),
(3, 18, '2023-05-24 14:17:01'),
(3, 47, '2023-05-03 17:10:53'),
(3, 50, '2023-05-03 16:53:08'),
(3, 53, '2023-05-24 14:34:25');

-- --------------------------------------------------------

--
-- 資料表結構 `criticizes`
--

CREATE TABLE `criticizes` (
  `cId` int(10) NOT NULL,
  `uId` int(10) NOT NULL,
  `pId` int(10) NOT NULL,
  `comment` text NOT NULL,
  `reviseDateTime` datetime NOT NULL
) ENGINE=InnoDB DEFAULT CHARSET=utf8mb4 COLLATE=utf8mb4_general_ci;

-- --------------------------------------------------------

--
-- 資料表結構 `house`
--

CREATE TABLE `house` (
  `hId` int(10) NOT NULL,
  `type` enum('住宅','獨立套房','分租套房','雅房') DEFAULT NULL,
  `twPing` float DEFAULT NULL,
  `floor` varchar(10) NOT NULL,
  `lived` tinyint(1) NOT NULL,
  `bedRoom` int(2) DEFAULT NULL,
  `livingRoom` int(2) DEFAULT NULL,
  `restRoom` int(2) DEFAULT NULL,
  `balcony` int(2) DEFAULT NULL,
  `pId` int(10) NOT NULL
) ENGINE=InnoDB DEFAULT CHARSET=utf8mb4 COLLATE=utf8mb4_general_ci;

--
-- 傾印資料表的資料 `house`
--

INSERT INTO `house` (`hId`, `type`, `twPing`, `floor`, `lived`, `bedRoom`, `livingRoom`, `restRoom`, `balcony`, `pId`) VALUES
(1, '住宅', 36.16, '3', 1, 3, 2, 2, 1, 1),
(2, '住宅', 63.87, '1', 1, 4, 2, 2, 2, 2),
(3, '住宅', 62.71, '1', 1, 4, 2, 2, 2, 3),
(4, '住宅', 33.79, '4', 1, 3, 2, 2, 2, 4),
(5, '住宅', 61.08, '整棟/3F', 1, 6, 2, 4, 2, 5),
(6, '住宅', 51, '6', 1, 3, 2, 2, 0, 6),
(7, '住宅', 25.61, '7', 1, 3, 1, 1, 0, 7),
(8, '住宅', 26.44, '4', 1, 4, 2, 1, 1, 8),
(9, '住宅', 55.68, '8', 1, 3, 2, 2, 2, 9),
(10, '住宅', 35.16, '2', 1, 3, 2, 2, 1, 10),
(11, '住宅', 75.93, '1F~4F/4F', 1, 4, 2, 4, 2, 11),
(12, '住宅', 57.42, '1', 1, 3, 2, 2, 2, 12),
(13, '住宅', 62.26, '2', 1, 2, 2, 2, 2, 13),
(14, '住宅', 43.5, '4', 1, 3, 2, 2, 1, 14),
(15, '住宅', 31.65, '5', 1, 1, 1, 1, 0, 15),
(16, '住宅', 60.81, '6', 1, 4, 2, 2, 1, 16),
(17, '住宅', 51.93, '4', 1, 3, 2, 2, 2, 17),
(18, '住宅', 27.56, '4', 1, 2, 2, 1, 0, 18),
(19, '住宅', 43.08, '9', 1, 2, 2, 2, 1, 19),
(20, '住宅', 28.73, '整棟/3F', 1, 5, 3, 3, 0, 20),
(21, '住宅', 40.91, '4', 1, 3, 2, 2, 1, 21),
(22, '住宅', 32.5, '3', 1, 3, 2, 2, 2, 22),
(23, '住宅', 36.03, '4', 1, 3, 2, 2, 2, 23),
(24, '住宅', 53.5, '1', 1, 3, 3, 2, 0, 24),
(25, '住宅', 29.8, '1F~2F/2F', 1, 5, 2, 4, 2, 25),
(26, '住宅', 87.08, '1F~4F/4F', 1, 5, 4, 5, 5, 26),
(27, '住宅', 64.31, '1F~4F/4F', 1, 4, 3, 4, 3, 27),
(28, '住宅', 38.82, '3', 1, 3, 2, 2, 0, 28),
(29, '住宅', 96.1, '整棟/4F', 1, 3, 3, 4, 0, 29),
(30, '住宅', 56, '整棟/4F', 1, 5, 2, 3, 5, 30),
(31, '住宅', 41, '4', 1, 3, 2, 2, 0, 31),
(32, '住宅', 41, '4', 1, 3, 2, 2, 0, 32),
(33, '住宅', 47.58, '1', 1, 3, 2, 2, 2, 33),
(34, '住宅', 19.2, '1', 1, 1, 1, 1, 0, 34),
(35, '住宅', 44.85, '1', 1, 3, 2, 2, 2, 35),
(36, '住宅', 53.12, '1F~3F/3F', 1, 4, 2, 4, 1, 36),
(37, '住宅', 28.97, '1', 1, 3, 2, 1, 0, 37),
(38, '住宅', 29.62, '整棟/2F', 1, 6, 2, 4, 0, 38),
(39, '住宅', 25.95, '5', 1, 2, 2, 1, 1, 39),
(40, '住宅', 50.87, '9', 1, 3, 2, 2, 2, 40),
(41, '住宅', 32.89, '1', 1, 4, 2, 2, 2, 41),
(42, '住宅', 25.45, '9', 1, 2, 2, 1, 1, 42),
(43, '住宅', 33.79, '1', 1, 3, 2, 2, 0, 43),
(44, '住宅', 44.47, '9', 1, 3, 2, 2, 0, 44),
(45, '住宅', 39.44, '7', 1, 3, 2, 2, 0, 45),
(46, '住宅', 41, '4', 1, 3, 2, 2, 0, 46),
(47, '分租套房', 5, '2', 1, 1, 0, 1, 0, 47),
(48, '分租套房', 7, '2', 1, 1, 0, 1, 0, 48),
(49, '獨立套房', 7, '3', 1, 1, 0, 1, 0, 49),
(50, '獨立套房', 7, '3', 1, 1, 0, 1, 0, 50),
(51, '住宅', 27, '2', 1, 2, 2, 1, 0, 51),
(52, '住宅', 29.38, '2', 1, 2, 1, 1, 0, 52),
(53, '住宅', 68.81, '6', 1, 4, 2, 2, 0, 53),
(54, '住宅', 28, '2', 1, 2, 1, 1, 0, 54),
(55, '住宅', 29.37, '2', 1, 2, 1, 1, 0, 55),
(56, '獨立套房', 14, '5', 1, 1, 0, 1, 0, 56),
(57, '獨立套房', 6, '4', 1, 1, 0, 1, 0, 57),
(58, '獨立套房', 6, '5', 1, 1, 0, 1, 0, 58),
(59, '獨立套房', 7, '5', 1, 1, 0, 1, 0, 59),
(60, '住宅', 30.97, '3', 1, 3, 2, 2, 0, 60),
(61, '分租套房', 6, '1', 1, 1, 0, 1, 0, 61),
(62, '住宅', 20, '2', 1, 2, 2, 1, 0, 62),
(63, '住宅', 25.92, '2', 1, 2, 2, 2, 0, 63),
(64, '住宅', 37.6, '3', 1, 3, 2, 2, 0, 64),
(65, '住宅', 35.02, '3', 1, 3, 2, 2, 0, 65),
(66, '獨立套房', 10, '2', 1, 1, 0, 1, 0, 66),
(67, '住宅', 30, '3', 1, 3, 2, 2, 0, 67),
(68, '獨立套房', 8, '2', 1, 1, 0, 1, 0, 68),
(69, '住宅', 19.68, '1', 1, 2, 2, 1, 0, 69),
(70, '住宅', 0, '5', 1, 0, 0, 0, 0, 70),
(71, '住宅', 22, '2', 1, 2, 2, 1, 0, 71),
(72, '住宅', 28, '2', 1, 3, 2, 2, 0, 72),
(73, '分租套房', 12, '2', 1, 1, 0, 1, 0, 73),
(74, '分租套房', 6, '4', 1, 1, 0, 1, 0, 74),
(75, '住宅', 80, '8', 1, 4, 2, 5, 0, 75),
(76, '獨立套房', 7, '4', 1, 1, 0, 1, 0, 76),
(77, '住宅', 16, '1', 1, 1, 1, 1, 0, 77),
(78, '分租套房', 7, '4', 1, 1, 0, 1, 0, 78),
(79, '住宅', 15, '1', 1, 2, 1, 1, 0, 79),
(80, '獨立套房', 10, '3', 1, 1, 0, 1, 0, 80),
(81, '獨立套房', 12, '6', 1, 1, 0, 1, 0, 81),
(82, '住宅', 44, '4', 1, 2, 2, 3, 0, 82),
(83, '分租套房', 0, '1', 1, 1, 0, 1, 0, 83),
(84, '獨立套房', 7, '3', 1, 1, 0, 1, 0, 84),
(85, '分租套房', 0, '2', 1, 1, 0, 1, 0, 85),
(86, '住宅', 59, '5', 1, 4, 4, 3, 0, 86),
(87, '住宅', 25.86, '2', 1, 3, 1, 2, 0, 87),
(88, '獨立套房', 10, '5', 1, 1, 0, 1, 0, 88),
(89, '住宅', 50, '5', 1, 4, 2, 2, 0, 89),
(90, '獨立套房', 9, '3', 1, 1, 0, 1, 0, 90),
(91, '獨立套房', 6, '2', 1, 1, 0, 1, 0, 91),
(92, '獨立套房', 0, '5', 1, 1, 0, 1, 0, 92),
(93, '住宅', 48.39, '4', 1, 3, 1, 3, 0, 93),
(94, '分租套房', 5, '3', 1, 1, 0, 1, 0, 94),
(95, '獨立套房', 5.5, '4', 1, 1, 0, 1, 0, 95),
(96, '獨立套房', 7, '3', 1, 1, 0, 1, 0, 96),
(97, '分租套房', 0, '3', 1, 1, 0, 1, 0, 97),
(98, '獨立套房', 22, '5', 1, 1, 0, 1, 0, 98),
(99, '獨立套房', 18, '2', 1, 1, 0, 1, 0, 99),
(100, '住宅', 40, '4', 1, 3, 1, 3, 0, 100),
(101, '分租套房', 15, '1', 1, 1, 0, 1, 0, 101),
(102, '獨立套房', 19, '4', 1, 1, 0, 1, 0, 102),
(103, '住宅', 22, '2', 1, 3, 2, 2, 0, 103),
(104, '分租套房', 7, '3', 1, 1, 0, 1, 0, 104),
(105, '分租套房', 8, '4', 1, 1, 0, 1, 0, 105),
(106, '住宅', 25.47, '2', 1, 2, 2, 2, 0, 106),
(107, '住宅', 25, '2', 1, 2, 2, 2, 0, 107),
(108, '住宅', 36, '3', 1, 3, 1, 2, 0, 108),
(109, '住宅', 31, '3', 1, 3, 2, 2, 0, 109),
(110, '住宅', 15, '1', 1, 2, 1, 1, 0, 110),
(111, '住宅', 37.1, '3', 1, 2, 1, 1, 0, 111),
(112, '分租套房', 7.2, '2', 1, 1, 0, 1, 0, 112),
(113, '分租套房', 0, '3', 1, 1, 0, 1, 0, 113),
(114, '分租套房', 6, '5', 1, 1, 0, 1, 0, 114),
(115, '分租套房', 0, '5', 1, 1, 0, 1, 0, 115),
(116, '分租套房', 7, '4', 1, 1, 0, 1, 0, 116),
(117, '住宅', 19.65, '1', 1, 2, 2, 2, 0, 117),
(118, '住宅', 20, '2', 1, 1, 2, 1, 0, 118),
(119, '分租套房', 5.5, '1', 1, 1, 0, 1, 0, 119),
(120, '獨立套房', 8, '2', 1, 1, 0, 1, 0, 120),
(121, '獨立套房', 8, '7', 1, 1, 0, 1, 0, 121),
(122, '分租套房', 8, '3', 1, 1, 0, 1, 0, 122),
(123, '分租套房', 8, '6', 1, 1, 0, 1, 0, 123),
(124, '獨立套房', 11, '2', 1, 1, 0, 1, 0, 124),
(125, '雅房', 7, '7', 1, 1, 0, 0, 0, 125),
(126, '分租套房', 0, '3', 1, 1, 0, 1, 0, 126),
(127, '獨立套房', 7, '4', 1, 1, 0, 1, 0, 127),
(128, '分租套房', 7, '2', 1, 1, 0, 1, 0, 128),
(129, '獨立套房', 4, '1', 1, 1, 0, 1, 0, 129),
(130, '獨立套房', 6, '3', 1, 1, 0, 1, 0, 130),
(131, '獨立套房', 6, '5', 1, 1, 0, 1, 0, 131),
(132, '住宅', 0, '3', 1, 0, 0, 0, 0, 132),
(133, '住宅', 31, '3', 1, 3, 2, 1, 0, 133),
(134, '獨立套房', 10, '3', 1, 1, 0, 1, 0, 134),
(135, '獨立套房', 7, '1', 1, 1, 0, 1, 0, 135),
(136, '住宅', 30, '3', 1, 3, 1, 2, 0, 136),
(137, '獨立套房', 10.5, '2', 1, 1, 0, 1, 0, 137),
(138, '住宅', 26.25, '2', 1, 3, 2, 1, 0, 138),
(139, '住宅', 29, '2', 1, 3, 2, 2, 0, 139),
(140, '住宅', 1, '1', 1, 1, 1, 1, 1, 140);

-- --------------------------------------------------------

--
-- 資料表結構 `houserent`
--

CREATE TABLE `houserent` (
  `hId` int(11) NOT NULL,
  `price` int(10) NOT NULL,
  `refrigerator` tinyint(1) NOT NULL,
  `washingMachine` tinyint(1) NOT NULL,
  `TV` tinyint(1) NOT NULL,
  `airConditioner` tinyint(1) NOT NULL,
  `waterHeater` tinyint(1) NOT NULL,
  `bed` tinyint(1) NOT NULL,
  `closet` tinyint(1) NOT NULL,
  `paidTVChannel` tinyint(1) NOT NULL,
  `internet` tinyint(1) NOT NULL,
  `gas` tinyint(1) NOT NULL,
  `sofa` tinyint(1) NOT NULL,
  `deskChair` tinyint(1) NOT NULL,
  `balcony` tinyint(1) NOT NULL,
  `elevator` tinyint(1) NOT NULL,
  `parkingSpace` tinyint(1) NOT NULL
) ENGINE=InnoDB DEFAULT CHARSET=utf8mb4 COLLATE=utf8mb4_general_ci;

--
-- 傾印資料表的資料 `houserent`
--

INSERT INTO `houserent` (`hId`, `price`, `refrigerator`, `washingMachine`, `TV`, `airConditioner`, `waterHeater`, `bed`, `closet`, `paidTVChannel`, `internet`, `gas`, `sofa`, `deskChair`, `balcony`, `elevator`, `parkingSpace`) VALUES
(47, 10000, 1, 1, 1, 1, 1, 1, 1, 1, 1, 0, 0, 1, 0, 0, 0),
(48, 11000, 1, 1, 1, 1, 1, 1, 1, 1, 1, 0, 1, 1, 0, 0, 0),
(49, 16000, 1, 1, 1, 1, 1, 1, 1, 1, 1, 1, 1, 1, 0, 1, 0),
(50, 16000, 1, 1, 1, 1, 1, 1, 1, 1, 1, 0, 0, 1, 0, 1, 0),
(51, 27000, 1, 1, 1, 1, 1, 1, 1, 0, 0, 1, 1, 1, 0, 0, 0),
(52, 19099, 1, 0, 1, 1, 1, 1, 1, 0, 1, 1, 1, 1, 0, 1, 0),
(53, 28633, 0, 0, 0, 1, 1, 0, 0, 0, 1, 0, 0, 0, 0, 0, 1),
(54, 19099, 1, 0, 0, 1, 1, 1, 1, 0, 1, 1, 1, 1, 0, 1, 0),
(55, 19099, 1, 0, 0, 1, 1, 1, 1, 0, 1, 1, 1, 1, 0, 0, 0),
(56, 12500, 1, 1, 1, 1, 1, 1, 1, 1, 1, 0, 1, 1, 0, 0, 0),
(57, 7500, 1, 1, 1, 1, 1, 1, 1, 0, 1, 0, 1, 1, 0, 0, 0),
(58, 9000, 1, 1, 1, 1, 1, 1, 1, 1, 1, 0, 1, 1, 0, 0, 0),
(59, 12000, 1, 1, 1, 1, 1, 1, 1, 1, 1, 0, 1, 1, 0, 0, 0),
(60, 24000, 1, 1, 1, 1, 1, 1, 1, 0, 0, 1, 1, 1, 0, 0, 0),
(61, 5500, 1, 1, 1, 1, 1, 1, 1, 1, 1, 0, 1, 1, 0, 0, 0),
(62, 29000, 1, 1, 1, 1, 1, 1, 1, 0, 0, 1, 1, 1, 0, 1, 1),
(63, 27000, 1, 1, 1, 1, 1, 1, 1, 0, 0, 0, 1, 1, 0, 1, 1),
(64, 45000, 1, 1, 1, 1, 1, 1, 1, 0, 0, 1, 1, 1, 0, 1, 1),
(65, 42000, 1, 1, 1, 1, 1, 1, 1, 0, 0, 0, 1, 1, 0, 1, 1),
(66, 15500, 1, 1, 1, 1, 1, 1, 1, 1, 1, 0, 1, 1, 0, 0, 0),
(67, 24500, 1, 1, 1, 1, 1, 1, 1, 0, 0, 1, 1, 1, 0, 0, 1),
(68, 20000, 1, 1, 1, 1, 1, 1, 1, 1, 1, 0, 1, 1, 0, 1, 0),
(69, 28500, 0, 0, 0, 1, 1, 0, 0, 0, 0, 1, 0, 0, 0, 1, 1),
(70, 45000, 1, 1, 1, 1, 1, 1, 1, 1, 1, 1, 1, 1, 0, 1, 1),
(71, 19000, 1, 1, 1, 1, 1, 1, 1, 0, 0, 1, 1, 1, 0, 1, 1),
(72, 20000, 0, 0, 0, 1, 1, 0, 0, 0, 0, 1, 0, 0, 0, 0, 1),
(73, 9500, 1, 0, 1, 1, 1, 1, 1, 0, 0, 1, 0, 1, 0, 0, 0),
(74, 5500, 1, 0, 1, 1, 1, 1, 1, 1, 1, 0, 0, 1, 0, 1, 0),
(75, 35000, 0, 0, 0, 1, 1, 0, 0, 0, 0, 1, 0, 0, 0, 1, 1),
(76, 7000, 1, 1, 1, 1, 1, 1, 1, 1, 1, 0, 0, 1, 0, 1, 0),
(77, 15000, 1, 1, 1, 1, 1, 1, 1, 1, 1, 0, 1, 1, 0, 0, 0),
(78, 6000, 1, 1, 1, 1, 1, 1, 1, 1, 1, 0, 0, 1, 0, 0, 1),
(79, 17000, 1, 1, 0, 1, 1, 1, 1, 0, 0, 1, 1, 1, 0, 0, 1),
(80, 9500, 1, 1, 1, 1, 1, 1, 1, 1, 1, 0, 1, 1, 0, 1, 0),
(81, 8500, 1, 1, 1, 1, 1, 1, 1, 1, 1, 0, 1, 1, 0, 0, 0),
(82, 28000, 0, 0, 0, 0, 1, 0, 0, 0, 0, 0, 0, 0, 0, 0, 0),
(83, 6700, 1, 1, 1, 1, 1, 1, 1, 1, 1, 1, 1, 1, 0, 1, 1),
(84, 5800, 1, 0, 1, 1, 1, 1, 1, 1, 0, 1, 0, 0, 0, 0, 1),
(85, 6499, 1, 1, 1, 1, 1, 1, 1, 1, 1, 1, 1, 1, 0, 1, 1),
(86, 25000, 1, 1, 1, 1, 1, 1, 1, 0, 0, 0, 1, 1, 0, 0, 1),
(87, 15000, 0, 0, 0, 0, 1, 0, 0, 0, 0, 1, 1, 1, 0, 0, 0),
(88, 6800, 1, 1, 1, 1, 1, 1, 1, 0, 1, 0, 1, 1, 0, 1, 0),
(89, 37000, 1, 1, 0, 1, 1, 1, 1, 0, 0, 1, 1, 1, 0, 1, 1),
(90, 6700, 1, 1, 1, 1, 1, 1, 1, 0, 1, 0, 1, 1, 0, 1, 0),
(91, 3800, 1, 1, 0, 1, 1, 1, 1, 0, 1, 0, 0, 1, 0, 0, 1),
(92, 9000, 1, 1, 1, 1, 1, 1, 1, 1, 1, 1, 1, 1, 0, 1, 1),
(93, 16000, 0, 0, 0, 1, 1, 0, 0, 0, 0, 0, 0, 0, 0, 0, 1),
(94, 3100, 1, 1, 0, 1, 1, 1, 1, 0, 1, 0, 0, 1, 0, 0, 1),
(95, 3000, 1, 1, 1, 1, 1, 1, 1, 0, 1, 0, 0, 1, 0, 1, 0),
(96, 5958, 1, 0, 1, 1, 1, 1, 1, 1, 1, 0, 0, 1, 0, 1, 0),
(97, 4800, 1, 1, 1, 1, 1, 1, 1, 1, 1, 1, 1, 1, 0, 1, 1),
(98, 12300, 1, 1, 1, 1, 1, 1, 1, 1, 1, 0, 1, 1, 0, 1, 0),
(99, 16000, 1, 1, 1, 1, 1, 1, 1, 0, 0, 0, 1, 1, 0, 1, 0),
(100, 17000, 0, 0, 0, 1, 1, 0, 0, 0, 0, 0, 0, 0, 0, 0, 0),
(101, 6000, 1, 1, 1, 1, 1, 1, 1, 0, 1, 0, 1, 1, 0, 0, 0),
(102, 16000, 1, 1, 1, 1, 1, 1, 1, 0, 1, 0, 0, 1, 0, 0, 0),
(103, 23000, 1, 1, 1, 1, 1, 1, 1, 0, 0, 0, 1, 1, 0, 1, 1),
(104, 7800, 1, 1, 1, 1, 1, 1, 1, 1, 1, 0, 0, 1, 0, 1, 1),
(105, 8000, 1, 1, 0, 1, 1, 1, 1, 0, 1, 0, 0, 1, 0, 1, 0),
(106, 20000, 1, 1, 1, 1, 1, 1, 1, 0, 0, 1, 1, 1, 0, 1, 1),
(107, 19500, 1, 1, 1, 1, 1, 1, 1, 1, 1, 1, 1, 1, 0, 1, 1),
(108, 25000, 1, 1, 1, 1, 1, 1, 1, 1, 1, 1, 1, 1, 0, 1, 1),
(109, 23500, 1, 1, 1, 1, 1, 1, 1, 0, 0, 1, 1, 1, 0, 1, 1),
(110, 20800, 1, 1, 1, 1, 1, 1, 1, 0, 0, 1, 1, 1, 0, 1, 1),
(111, 21000, 1, 1, 1, 1, 1, 1, 1, 0, 0, 1, 1, 1, 0, 1, 0),
(112, 5434, 1, 1, 1, 1, 1, 1, 1, 1, 1, 0, 0, 1, 0, 0, 1),
(113, 5634, 1, 1, 1, 1, 1, 1, 1, 1, 1, 1, 1, 1, 0, 1, 1),
(114, 4467, 1, 1, 1, 1, 1, 1, 1, 1, 1, 0, 0, 1, 0, 1, 1),
(115, 5434, 1, 1, 1, 1, 1, 1, 1, 1, 1, 1, 1, 1, 0, 1, 1),
(116, 7800, 1, 1, 1, 1, 1, 1, 1, 1, 1, 0, 0, 1, 0, 0, 0),
(117, 29800, 1, 0, 1, 1, 1, 1, 1, 0, 0, 0, 1, 1, 0, 1, 1),
(118, 16000, 1, 0, 1, 1, 1, 1, 1, 0, 0, 0, 1, 1, 0, 0, 1),
(119, 5500, 1, 1, 1, 1, 1, 1, 1, 1, 1, 0, 0, 1, 0, 0, 0),
(120, 5500, 1, 1, 1, 1, 1, 1, 1, 0, 0, 0, 0, 1, 0, 1, 0),
(121, 4500, 1, 1, 1, 1, 1, 1, 1, 0, 0, 0, 0, 1, 0, 1, 1),
(122, 6500, 1, 1, 1, 1, 1, 1, 1, 0, 1, 0, 0, 1, 0, 0, 0),
(123, 7000, 1, 0, 1, 1, 1, 1, 1, 0, 0, 0, 0, 1, 0, 1, 0),
(124, 10000, 1, 1, 1, 1, 1, 1, 0, 1, 1, 0, 0, 1, 0, 1, 0),
(125, 8500, 0, 1, 1, 1, 1, 1, 1, 1, 1, 0, 0, 1, 0, 1, 0),
(126, 7500, 1, 1, 1, 1, 1, 1, 1, 1, 1, 1, 1, 1, 0, 1, 1),
(127, 4500, 1, 0, 1, 1, 1, 1, 1, 0, 1, 0, 0, 1, 0, 1, 1),
(128, 6500, 1, 1, 1, 1, 1, 1, 1, 1, 1, 0, 0, 1, 0, 0, 0),
(129, 8000, 0, 0, 0, 1, 1, 0, 0, 0, 0, 0, 0, 0, 0, 0, 0),
(130, 4300, 1, 1, 0, 1, 1, 0, 1, 0, 1, 0, 0, 1, 0, 0, 0),
(131, 7000, 1, 0, 1, 1, 1, 1, 1, 0, 1, 0, 0, 1, 0, 1, 0),
(132, 13000, 1, 1, 1, 1, 1, 1, 1, 1, 1, 1, 1, 1, 0, 1, 1),
(133, 9000, 1, 1, 0, 1, 1, 1, 0, 0, 0, 0, 0, 1, 0, 0, 0),
(134, 6000, 1, 1, 1, 1, 1, 1, 1, 0, 1, 0, 0, 1, 0, 0, 0),
(135, 5000, 1, 1, 1, 1, 1, 1, 1, 1, 1, 0, 0, 1, 0, 0, 1),
(136, 17000, 1, 1, 1, 1, 1, 1, 1, 0, 0, 1, 1, 1, 0, 1, 0),
(137, 10000, 1, 1, 1, 1, 1, 1, 1, 0, 1, 1, 1, 1, 0, 0, 0),
(138, 10000, 1, 1, 1, 1, 1, 1, 1, 0, 0, 0, 1, 1, 0, 0, 0),
(139, 21000, 1, 1, 1, 1, 1, 1, 1, 0, 1, 1, 1, 1, 0, 0, 0);

-- --------------------------------------------------------

--
-- 資料表結構 `housesell`
--

CREATE TABLE `housesell` (
  `hId` int(11) NOT NULL,
  `ratioOfPublicArea` float DEFAULT NULL,
  `pricePerTwping` float NOT NULL,
  `price` float NOT NULL,
  `age` int(3) NOT NULL,
  `houseType` enum('華廈','電梯大樓','公寓','透天厝','別墅') NOT NULL,
  `houseName` varchar(10) NOT NULL
) ENGINE=InnoDB DEFAULT CHARSET=utf8mb4 COLLATE=utf8mb4_general_ci;

--
-- 傾印資料表的資料 `housesell`
--

INSERT INTO `housesell` (`hId`, `ratioOfPublicArea`, `pricePerTwping`, `price`, `age`, `houseType`, `houseName`) VALUES
(1, 0, 121.13, 4380, 53, '公寓', '無'),
(2, 39, 97.07, 6200, 14, '電梯大樓', '平安新城丙區'),
(3, 37, 92.17, 5780, 18, '電梯大樓', '健安新城F區'),
(4, 0, 70.44, 2380, 35, '公寓', '宏泰御林園'),
(5, 0, 24.39, 1490, 28, '別墅', '別墅新世界'),
(6, 34, 25.25, 1288, 26, '電梯大樓', '光華國宅'),
(7, 28, 27.26, 698, 14, '電梯大樓', '米蘭皇家貴族區'),
(8, 0, 33.96, 898, 39, '公寓', '無'),
(9, 38, 27.84, 1550, 13, '電梯大樓', '大鵬新城'),
(10, 34, 51.14, 1798, 1, '電梯大樓', '無'),
(11, 0, 38.04, 2888, 17, '透天厝', '無'),
(12, 33, 61.66, 2880, 6, '電梯大樓', '文鼎為美'),
(13, 32, 48.15, 2998, 6, '電梯大樓', '富宇愛慕'),
(14, 32, 42.25, 1838, 6, '電梯大樓', '國賓大悅'),
(15, 48, 31.22, 988, 18, '電梯大樓', '時尚風閣'),
(16, 29, 28.94, 1760, 13, '電梯大樓', '人文學苑'),
(17, 0, 26.92, 1398, 8, '公寓', '無'),
(18, 39, 27.5, 758, 6, '電梯大樓', '暐泉天闊'),
(19, 40, 27.81, 1198, 5, '電梯大樓', '允將寓見花園'),
(20, 0, 26.11, 750, 43, '透天厝', '無'),
(21, 26, 21.71, 888, 27, '電梯大樓', '皇家特區'),
(22, 25, 19.63, 638, 30, '電梯大樓', '無'),
(23, 0, 12.71, 458, 30, '公寓', '無'),
(24, 10, 16.79, 898, 32, '電梯大樓', '無'),
(25, 0, 26.78, 798, 41, '別墅', '無'),
(26, 0, 23.98, 2088, 13, '透天厝', '無'),
(27, 0, 22.55, 1450, 7, '別墅', '森多麗2期'),
(28, 30, 20.56, 798, 28, '電梯大樓', '無'),
(29, 0, 40.37, 3880, 6, '別墅', '南科藏富'),
(30, 0, 42.5, 2380, 4, '別墅', '邰欣地堡61期B區'),
(31, 30, 24.1, 988, 3, '電梯大樓', '無'),
(32, 30, 24.1, 988, 3, '電梯大樓', '無'),
(33, 46, 29, 1380, 1, '電梯大樓', '無'),
(34, 23, 34.69, 666, 25, '電梯大樓', '無'),
(35, 0, 8.21, 368, 25, '公寓', '清水大鎮'),
(36, 0, 26.32, 1398, 7, '別墅', '文化賞'),
(37, 0, 19.95, 578, 39, '公寓', '無'),
(38, 0, 33.36, 988, 37, '透天厝', '無'),
(39, 23, 23.04, 598, 26, '電梯大樓', '無'),
(40, 37, 17.46, 888, 20, '電梯大樓', '民意乙社區'),
(41, 25, 33.38, 1098, 28, '電梯大樓', '開喜人生大樓'),
(42, 25, 27.03, 688, 17, '電梯大樓', '楠加州大樓'),
(43, 25, 18.88, 638, 29, '電梯大樓', '仁翔大中華I棟'),
(44, 25, 26.94, 1198, 1, '電梯大樓', '清景麟白易居'),
(45, 25, 22.77, 898, 18, '電梯大樓', '薇多綠雅大廈'),
(46, 25, 24.1, 988, 3, '電梯大樓', '無'),
(140, 1, 1, 1, 1, '電梯大樓', '測試');

-- --------------------------------------------------------

--
-- 資料表結構 `image`
--

CREATE TABLE `image` (
  `pId` int(10) NOT NULL,
  `image` text NOT NULL
) ENGINE=InnoDB DEFAULT CHARSET=utf8mb4 COLLATE=utf8mb4_general_ci;

--
-- 傾印資料表的資料 `image`
--

INSERT INTO `image` (`pId`, `image`) VALUES
(1, '../../static/images/post/post1.png'),
(2, '../../static/images/post/post2.png'),
(3, '../../static/images/post/post3.png'),
(4, '../../static/images/post/post4.png'),
(5, '../../static/images/post/post5.png'),
(6, '../../static/images/post/post6.png'),
(7, '../../static/images/post/post7.png'),
(8, '../../static/images/post/post8.png'),
(9, '../../static/images/post/post9.png'),
(10, '../../static/images/post/post10.png'),
(11, '../../static/images/post/post11.png'),
(12, '../../static/images/post/post12.png'),
(13, '../../static/images/post/post13.png'),
(14, '../../static/images/post/post14.png'),
(15, '../../static/images/post/post15.png'),
(16, '../../static/images/post/post16.png'),
(17, '../../static/images/post/post17.png'),
(18, '../../static/images/post/post18.png'),
(19, '../../static/images/post/post19.png'),
(20, '../../static/images/post/post20.png'),
(21, '../../static/images/post/post21.png'),
(22, '../../static/images/post/post22.png'),
(23, '../../static/images/post/post23.png'),
(24, '../../static/images/post/post24.png'),
(25, '../../static/images/post/post25.png'),
(26, '../../static/images/post/post26.png'),
(27, '../../static/images/post/post27.png'),
(28, '../../static/images/post/post28.png'),
(29, '../../static/images/post/post29.png'),
(30, '../../static/images/post/post30.png'),
(31, '../../static/images/post/post1.png'),
(32, '../../static/images/post/post2.png'),
(33, '../../static/images/post/post3.png'),
(34, '../../static/images/post/post4.png'),
(35, '../../static/images/post/post5.png'),
(36, '../../static/images/post/post6.png'),
(37, '../../static/images/post/post7.png'),
(38, '../../static/images/post/post8.png'),
(39, '../../static/images/post/post9.png'),
(40, '../../static/images/post/post10.png'),
(41, '../../static/images/post/post11.png'),
(42, '../../static/images/post/post12.png'),
(43, '../../static/images/post/post13.png'),
(44, '../../static/images/post/post14.png'),
(45, '../../static/images/post/post15.png'),
(46, '../../static/images/post/post16.png'),
(47, '../../static/images/post/post17.png'),
(48, '../../static/images/post/post18.png'),
(49, '../../static/images/post/post19.png'),
(50, '../../static/images/post/post20.png'),
(51, '../../static/images/post/post21.png'),
(52, '../../static/images/post/post22.png'),
(53, '../../static/images/post/post23.png'),
(54, '../../static/images/post/post24.png'),
(55, '../../static/images/post/post25.png'),
(56, '../../static/images/post/post26.png'),
(57, '../../static/images/post/post27.png'),
(58, '../../static/images/post/post28.png'),
(59, '../../static/images/post/post29.png'),
(60, '../../static/images/post/post30.png'),
(61, '../../static/images/post/post1.png'),
(62, '../../static/images/post/post2.png'),
(63, '../../static/images/post/post3.png'),
(64, '../../static/images/post/post4.png'),
(65, '../../static/images/post/post5.png'),
(66, '../../static/images/post/post6.png'),
(67, '../../static/images/post/post7.png'),
(68, '../../static/images/post/post8.png'),
(69, '../../static/images/post/post9.png'),
(70, '../../static/images/post/post10.png'),
(71, '../../static/images/post/post11.png'),
(72, '../../static/images/post/post12.png'),
(73, '../../static/images/post/post13.png'),
(74, '../../static/images/post/post14.png'),
(75, '../../static/images/post/post15.png'),
(76, '../../static/images/post/post16.png'),
(77, '../../static/images/post/post17.png'),
(78, '../../static/images/post/post18.png'),
(79, '../../static/images/post/post19.png'),
(80, '../../static/images/post/post20.png'),
(81, '../../static/images/post/post21.png'),
(82, '../../static/images/post/post22.png'),
(83, '../../static/images/post/post23.png'),
(84, '../../static/images/post/post24.png'),
(85, '../../static/images/post/post25.png'),
(86, '../../static/images/post/post26.png'),
(87, '../../static/images/post/post27.png'),
(88, '../../static/images/post/post28.png'),
(89, '../../static/images/post/post29.png'),
(90, '../../static/images/post/post30.png'),
(91, '../../static/images/post/post1.png'),
(92, '../../static/images/post/post2.png'),
(93, '../../static/images/post/post3.png'),
(94, '../../static/images/post/post4.png'),
(95, '../../static/images/post/post5.png'),
(96, '../../static/images/post/post6.png'),
(97, '../../static/images/post/post7.png'),
(98, '../../static/images/post/post8.png'),
(99, '../../static/images/post/post9.png'),
(100, '../../static/images/post/post10.png'),
(101, '../../static/images/post/post11.png'),
(102, '../../static/images/post/post12.png'),
(103, '../../static/images/post/post13.png'),
(104, '../../static/images/post/post14.png'),
(105, '../../static/images/post/post15.png'),
(106, '../../static/images/post/post16.png'),
(107, '../../static/images/post/post17.png'),
(108, '../../static/images/post/post18.png'),
(109, '../../static/images/post/post19.png'),
(110, '../../static/images/post/post20.png'),
(111, '../../static/images/post/post21.png'),
(112, '../../static/images/post/post22.png'),
(113, '../../static/images/post/post23.png'),
(114, '../../static/images/post/post24.png'),
(115, '../../static/images/post/post25.png'),
(116, '../../static/images/post/post26.png'),
(117, '../../static/images/post/post27.png'),
(118, '../../static/images/post/post28.png'),
(119, '../../static/images/post/post29.png'),
(120, '../../static/images/post/post30.png'),
(121, '../../static/images/post/post1.png'),
(122, '../../static/images/post/post2.png'),
(123, '../../static/images/post/post3.png'),
(124, '../../static/images/post/post4.png'),
(125, '../../static/images/post/post5.png'),
(126, '../../static/images/post/post6.png'),
(127, '../../static/images/post/post7.png'),
(128, '../../static/images/post/post8.png'),
(129, '../../static/images/post/post9.png'),
(130, '../../static/images/post/post10.png'),
(131, '../../static/images/post/post11.png'),
(132, '../../static/images/post/post12.png'),
(133, '../../static/images/post/post13.png'),
(134, '../../static/images/post/post14.png'),
(135, '../../static/images/post/post15.png'),
(136, '../../static/images/post/post16.png'),
(137, '../../static/images/post/post17.png'),
(138, '../../static/images/post/post18.png'),
(139, '../../static/images/post/post19.png'),
(140, '../../static/images/post/post140_icon_website.png');

-- --------------------------------------------------------

--
-- 資料表結構 `payment`
--

CREATE TABLE `payment` (
  `pId` int(11) NOT NULL,
  `payDate` date NOT NULL,
  `endDate` date NOT NULL,
  `class` tinyint(1) NOT NULL,
  `expDate` date NOT NULL,
  `cardNumber` text NOT NULL,
  `cost` int(10) NOT NULL
) ENGINE=InnoDB DEFAULT CHARSET=utf8mb4 COLLATE=utf8mb4_general_ci;

--
-- 傾印資料表的資料 `payment`
--

INSERT INTO `payment` (`pId`, `payDate`, `endDate`, `class`, `expDate`, `cardNumber`, `cost`) VALUES
(1, '2023-04-26', '2023-09-26', 1, '2025-09-10', '8675293884947903', 9000),
(2, '2023-04-26', '2023-09-26', 2, '2025-09-10', '9621964591113373', 18000),
(3, '2023-04-26', '2023-09-26', 2, '2025-09-10', '6429619965052392', 30000),
(4, '2023-04-26', '2023-09-26', 1, '2025-09-10', '8246008384426675', 9000),
(5, '2023-04-26', '2023-09-26', 1, '2025-09-10', '8632059860707823', 18000),
(6, '2023-04-26', '2023-09-26', 3, '2025-09-10', '5784643717825997', 30000),
(7, '2023-04-26', '2023-09-26', 3, '2025-09-10', '7815621269579923', 9000),
(8, '2023-04-26', '2023-09-26', 1, '2025-09-10', '6213153730965922', 18000),
(9, '2023-04-26', '2023-09-26', 2, '2025-09-10', '2309302237811906', 30000),
(10, '2023-04-26', '2023-09-26', 3, '2025-09-10', '5304595847403449', 9000),
(11, '2023-04-26', '2023-09-26', 1, '2025-09-10', '3459613513360567', 18000),
(12, '2023-04-26', '2023-09-26', 1, '2025-09-10', '3870463734441284', 30000),
(13, '2023-04-26', '2023-09-26', 2, '2025-09-10', '1675950817739272', 9000),
(14, '2023-04-26', '2023-09-26', 1, '2025-09-10', '1680414980576974', 18000),
(15, '2023-04-26', '2023-09-26', 1, '2025-09-10', '7927908795258853', 30000),
(16, '2023-04-26', '2023-09-26', 3, '2025-09-10', '6172776154283234', 9000),
(17, '2023-04-26', '2023-09-26', 2, '2025-09-10', '9522864205869428', 18000),
(18, '2023-04-26', '2023-09-26', 1, '2025-09-10', '2268982013388300', 30000),
(19, '2023-04-26', '2023-09-26', 1, '2025-09-10', '1293875051570410', 9000),
(20, '2023-04-26', '2023-09-26', 3, '2025-09-10', '5501471222685982', 18000),
(21, '2023-04-26', '2023-09-26', 1, '2025-09-10', '1991208235701138', 30000),
(22, '2023-04-26', '2023-09-26', 2, '2025-09-10', '7695619655895762', 9000),
(23, '2023-04-26', '2023-09-26', 1, '2025-09-10', '5504763771859676', 18000),
(24, '2023-04-26', '2023-09-26', 3, '2025-09-10', '2476359175110381', 30000),
(25, '2023-04-26', '2023-09-26', 2, '2025-09-10', '9158027513276026', 9000),
(26, '2023-04-26', '2023-09-26', 0, '2025-09-10', '9368849782327701', 18000),
(27, '2023-04-26', '2023-09-26', 0, '2025-09-10', '3607928444247259', 30000),
(28, '2023-04-26', '2023-09-26', 0, '2025-09-10', '1826135183358313', 9000),
(29, '2023-04-26', '2023-09-26', 0, '2025-09-10', '3499281612555015', 18000),
(30, '2023-04-26', '2023-09-26', 0, '2025-09-10', '5863633192004941', 30000),
(31, '2023-04-26', '2023-09-26', 0, '2025-09-10', '8266310296790583', 9000),
(32, '2023-04-26', '2023-09-26', 0, '2025-09-10', '5147343378900848', 18000),
(33, '2023-04-26', '2023-09-26', 0, '2025-09-10', '8814290372588064', 30000),
(34, '2023-04-26', '2023-09-26', 0, '2025-09-10', '1593846331453656', 9000),
(35, '2023-04-26', '2023-09-26', 0, '2025-09-10', '8079774129932982', 18000),
(36, '2023-04-26', '2023-09-26', 0, '2025-09-10', '1485263161303601', 30000),
(37, '2023-04-26', '2023-09-26', 0, '2025-09-10', '6238639450389075', 9000),
(38, '2023-04-26', '2023-09-26', 0, '2025-09-10', '9920439940678905', 18000),
(39, '2023-04-26', '2023-09-26', 0, '2025-09-10', '2803018594286885', 30000),
(40, '2023-04-26', '2023-09-26', 0, '2025-09-10', '1851516596768590', 9000),
(41, '2023-04-26', '2023-09-26', 0, '2025-09-10', '1874078013229646', 18000),
(42, '2023-04-26', '2023-09-26', 0, '2025-09-10', '9798574685446495', 30000),
(43, '2023-04-26', '2023-09-26', 0, '2025-09-10', '1751180606937052', 9000),
(44, '2023-04-26', '2023-09-26', 0, '2025-09-10', '1527679460074046', 18000),
(45, '2023-04-26', '2023-09-26', 0, '2025-09-10', '3938900199853801', 30000),
(46, '2023-04-26', '2023-09-26', 0, '2025-09-10', '4127456262551951', 9000),
(47, '2023-04-26', '2023-09-26', 0, '2025-09-10', '1736027200485281', 18000),
(48, '2023-04-26', '2023-09-26', 0, '2025-09-10', '7425809521202225', 30000),
(49, '2023-04-26', '2023-09-26', 0, '2025-09-10', '3748830248335892', 9000),
(50, '2023-04-26', '2023-09-26', 0, '2025-09-10', '6052759007045807', 18000),
(51, '2023-04-26', '2023-09-26', 0, '2025-09-10', '4705960220704350', 30000),
(52, '2023-04-26', '2023-09-26', 0, '2025-09-10', '3845457454226780', 9000),
(53, '2023-04-26', '2023-09-26', 0, '2025-09-10', '1274378395716018', 18000),
(54, '2023-04-26', '2023-09-26', 0, '2025-09-10', '6488658237496437', 30000),
(55, '2023-04-26', '2023-09-26', 0, '2025-09-10', '2977277868493844', 9000),
(56, '2023-04-26', '2023-09-26', 0, '2025-09-10', '6000273434181327', 18000),
(57, '2023-04-26', '2023-09-26', 0, '2025-09-10', '9653689067800551', 30000),
(58, '2023-04-26', '2023-09-26', 0, '2025-09-10', '6623544315736961', 9000),
(59, '2023-04-26', '2023-09-26', 0, '2025-09-10', '9509303596890003', 18000),
(60, '2023-04-26', '2023-09-26', 0, '2025-09-10', '6123414971356441', 30000),
(61, '2023-04-26', '2023-09-26', 0, '2025-09-10', '5823381145309276', 9000),
(62, '2023-04-26', '2023-09-26', 0, '2025-09-10', '5401922002322990', 18000),
(63, '2023-04-26', '2023-09-26', 0, '2025-09-10', '7828805964721227', 30000),
(64, '2023-04-26', '2023-09-26', 0, '2025-09-10', '6461164573408066', 9000),
(65, '2023-04-26', '2023-09-26', 0, '2025-09-10', '7313630368189376', 18000),
(66, '2023-04-26', '2023-09-26', 0, '2025-09-10', '3434579459665364', 30000),
(67, '2023-04-26', '2023-09-26', 0, '2025-09-10', '7703950266271324', 9000),
(68, '2023-04-26', '2023-09-26', 0, '2025-09-10', '6794746491762121', 18000),
(69, '2023-04-26', '2023-09-26', 0, '2025-09-10', '8344651340684659', 30000),
(70, '2023-04-26', '2023-09-26', 0, '2025-09-10', '9154139829408295', 9000),
(71, '2023-04-26', '2023-09-26', 0, '2025-09-10', '2345438729396157', 18000),
(72, '2023-04-26', '2023-09-26', 0, '2025-09-10', '2969354111148615', 30000),
(73, '2023-04-26', '2023-09-26', 0, '2025-09-10', '2487849809475385', 9000),
(74, '2023-04-26', '2023-09-26', 0, '2025-09-10', '5262760879429898', 18000),
(75, '2023-04-26', '2023-09-26', 0, '2025-09-10', '6630249784521255', 30000),
(76, '2023-04-26', '2023-09-26', 0, '2025-09-10', '1808339234591434', 9000),
(77, '2023-04-26', '2023-09-26', 0, '2025-09-10', '9197750518391704', 18000),
(78, '2023-04-26', '2023-09-26', 0, '2025-09-10', '9832688470899858', 30000),
(79, '2023-04-26', '2023-09-26', 0, '2025-09-10', '2306481881166424', 9000),
(80, '2023-04-26', '2023-09-26', 0, '2025-09-10', '4423840071226175', 18000),
(81, '2023-04-26', '2023-09-26', 0, '2025-09-10', '5578172343749726', 30000),
(82, '2023-04-26', '2023-09-26', 0, '2025-09-10', '8730316981388572', 9000),
(83, '2023-04-26', '2023-09-26', 0, '2025-09-10', '1313460591193843', 18000),
(84, '2023-04-26', '2023-09-26', 0, '2025-09-10', '5224354903204606', 30000),
(85, '2023-04-26', '2023-09-26', 0, '2025-09-10', '3187451047395516', 9000),
(86, '2023-04-26', '2023-09-26', 0, '2025-09-10', '4757529803501550', 18000),
(87, '2023-04-26', '2023-09-26', 0, '2025-09-10', '9655103866696533', 30000),
(88, '2023-04-26', '2023-09-26', 0, '2025-09-10', '6651345744106574', 9000),
(89, '2023-04-26', '2023-09-26', 0, '2025-09-10', '2684736835797598', 18000),
(90, '2023-04-26', '2023-09-26', 0, '2025-09-10', '3026442344258994', 30000),
(91, '2023-04-26', '2023-09-26', 0, '2025-09-10', '4598424212993266', 9000),
(92, '2023-04-26', '2023-09-26', 0, '2025-09-10', '7282315875327068', 18000),
(93, '2023-04-26', '2023-09-26', 0, '2025-09-10', '4342864447627453', 30000),
(94, '2023-04-26', '2023-09-26', 0, '2025-09-10', '7681106723292542', 9000),
(95, '2023-04-26', '2023-09-26', 0, '2025-09-10', '1703538606743880', 18000),
(96, '2023-04-26', '2023-09-26', 0, '2025-09-10', '7919689773169932', 30000),
(97, '2023-04-26', '2023-09-26', 0, '2025-09-10', '5591737289079289', 9000),
(98, '2023-04-26', '2023-09-26', 0, '2025-09-10', '1441081017349660', 18000),
(99, '2023-04-26', '2023-09-26', 0, '2025-09-10', '5607623306282509', 30000),
(100, '2023-04-26', '2023-09-26', 0, '2025-09-10', '5009517860504296', 9000),
(101, '2023-04-26', '2023-09-26', 0, '2025-09-10', '2502783097337028', 18000),
(102, '2023-04-26', '2023-09-26', 0, '2025-09-10', '1728631373351632', 30000),
(103, '2023-04-26', '2023-09-26', 0, '2025-09-10', '6243881199485422', 9000),
(104, '2023-04-26', '2023-09-26', 0, '2025-09-10', '9757784443075226', 18000),
(105, '2023-04-26', '2023-09-26', 0, '2025-09-10', '2154520751342252', 30000),
(106, '2023-04-26', '2023-09-26', 0, '2025-09-10', '7810434694533628', 9000),
(107, '2023-04-26', '2023-09-26', 0, '2025-09-10', '7065294480670717', 18000),
(108, '2023-04-26', '2023-09-26', 0, '2025-09-10', '6646906636393503', 30000),
(109, '2023-04-26', '2023-09-26', 0, '2025-09-10', '8455768787196556', 9000),
(110, '2023-04-26', '2023-09-26', 0, '2025-09-10', '8014167128448602', 18000),
(111, '2023-04-26', '2023-09-26', 0, '2025-09-10', '6596432708417462', 30000),
(112, '2023-04-26', '2023-09-26', 0, '2025-09-10', '4265401823655500', 9000),
(113, '2023-04-26', '2023-09-26', 0, '2025-09-10', '9058560900457381', 18000),
(114, '2023-04-26', '2023-09-26', 0, '2025-09-10', '6972537942245102', 30000),
(115, '2023-04-26', '2023-09-26', 0, '2025-09-10', '8787754947184079', 9000),
(116, '2023-04-26', '2023-09-26', 0, '2025-09-10', '7411123611947187', 18000),
(117, '2023-04-26', '2023-09-26', 0, '2025-09-10', '2316529669054154', 30000),
(118, '2023-04-26', '2023-09-26', 0, '2025-09-10', '5666347868661639', 9000),
(119, '2023-04-26', '2023-09-26', 0, '2025-09-10', '3254029113931840', 18000),
(120, '2023-04-26', '2023-09-26', 0, '2025-09-10', '4298314485537222', 30000),
(121, '2023-04-26', '2023-09-26', 0, '2025-09-10', '4816783445376786', 9000),
(122, '2023-04-26', '2023-09-26', 0, '2025-09-10', '7034425270201639', 18000),
(123, '2023-04-26', '2023-09-26', 0, '2025-09-10', '9244150864513600', 30000),
(124, '2023-04-26', '2023-09-26', 0, '2025-09-10', '7271976647680499', 9000),
(125, '2023-04-26', '2023-09-26', 0, '2025-09-10', '1317229533716844', 18000),
(126, '2023-04-26', '2023-09-26', 0, '2025-09-10', '3961589140039154', 30000),
(127, '2023-04-26', '2023-09-26', 0, '2025-09-10', '9952698755072190', 9000),
(128, '2023-04-26', '2023-09-26', 0, '2025-09-10', '2804215364990143', 18000),
(129, '2023-04-26', '2023-09-26', 0, '2025-09-10', '2964279016491528', 30000),
(130, '2023-04-26', '2023-09-26', 0, '2025-09-10', '7594044080936562', 9000),
(131, '2023-04-26', '2023-09-26', 0, '2025-09-10', '2715261203398977', 18000),
(132, '2023-04-26', '2023-09-26', 0, '2025-09-10', '9440558345911767', 30000),
(133, '2023-04-26', '2023-09-26', 0, '2025-09-10', '5443698614177138', 9000),
(134, '2023-04-26', '2023-09-26', 0, '2025-09-10', '7520772525155944', 18000),
(135, '2023-04-26', '2023-09-26', 0, '2025-09-10', '4812004477709150', 30000),
(136, '2023-04-26', '2023-09-26', 0, '2025-09-10', '4817212848685545', 9000),
(137, '2023-04-26', '2023-09-26', 0, '2025-09-10', '4362121415706823', 18000),
(138, '2023-04-26', '2023-09-26', 0, '2025-09-10', '6302500663498853', 30000),
(139, '2023-04-26', '2023-09-26', 0, '2025-09-10', '4468879716349451', 9000),
(140, '2023-05-24', '2023-06-23', 1, '2031-02-01', '4111111111111', 300);

-- --------------------------------------------------------

--
-- 資料表結構 `post`
--

CREATE TABLE `post` (
  `pId` int(10) NOT NULL,
  `uId` int(10) NOT NULL,
  `title` text NOT NULL,
  `city` varchar(10) NOT NULL,
  `district` varchar(10) NOT NULL,
  `address` varchar(10) NOT NULL,
  `name` varchar(10) NOT NULL,
  `phone` varchar(10) NOT NULL,
  `description` text NOT NULL,
  `reviseDateTime` datetime NOT NULL
) ENGINE=InnoDB DEFAULT CHARSET=utf8mb4 COLLATE=utf8mb4_general_ci;

--
-- 傾印資料表的資料 `post`
--

INSERT INTO `post` (`pId`, `uId`, `title`, `city`, `district`, `address`, `name`, `phone`, `description`, `reviseDateTime`) VALUES
(1, 1, '🍎屋主自售名人巷聯合二村正面公園3樓', '台北市', '松山區', '民生東路五段69巷', '王姵財', '0935957190', '（若沒接到來電，請加我的Line或者傳簡訊與我，我會盡快跟您聯絡，謝謝）\n請仲介勿打擾～謝謝', '2023-04-26 13:00:00'),
(2, 1, '介壽平安/公園/高樓四房車位*中信葉玲玲', '台北市', '松山區', '延壽街330巷', '王姵財', '0935957190', '1，介壽學區，14年新，大四房坡道車位。\n2，健康雙語國小/民生國小/共同學區。\n3，將軍宅大戶，一層四戶，双電梯，戶戶有車位，住戶素質高。\n4，鄰近婦聯公園，休憩好去處。\n5，高樓/十一樓頂樓/無人在上面跑跳/安靜/通風/光線特別好。\n6，挑高3米4，特別通風。\n7，巷道整齊，棟距寬闊，公園多。\n將軍宅重劃社區，市區稀有難得純住宅社區。', '2023-04-26 13:00:00'),
(3, 1, '健安朝南四房/101國際景觀*中信葉玲玲', '台北市', '松山區', '三民路29巷', '王姵財', '0935957190', '1，頂樓/稀有/帝王樓層。\n2，坐北朝南/有101國際景觀。四季/晴天/雨天/不同景觀。\n3，客廳挑高6米，大器四房/有坡道車位。\n4，街道筆直，綠意盎然，有千坪中庭花園。\n5，一層四戶，双電梯，戶戶有車位。\n6，健康雙語國小。\n7，全聯/市場/公車/捷運/公園/生活機能強。\n8，棟距寬闊，通風採光非常好。', '2023-04-26 13:00:00'),
(4, 1, '健康路寧靜三房/持分大*都更*中信葉玲玲', '台北市', '松山區', '健康路325巷', '王姵財', '0935957190', '1，街道整齊，林蔭綠意。\n2，巷道寬敞，通風明亮。\n3，方正格局，保留前後陽台。\n4，土地持分大，有都更潛力。\n5，一層兩戶，住戶單純。\n6，鄰近鵬程公園，南京傳統市場，全聯，西松高中。\n7，知名建設公司宏泰建設。\n8，住戶素質整齊且優。', '2023-04-26 13:00:00'),
(5, 2, '獨賣~別墅新世界碧綠屋~車庫~請洽:美美', '基隆市', '中山區', '復興路120巷', '陳惠君', '0927885537', '*.景觀視野遼闊.寧靜文風住宅.管理森嚴.格局方正.採光通風明亮.\n\n一樓好療癒景觀大露台.車庫人車分道.屋況好.庭院可捻花惹草.\n\n近:北二高.西定高架橋.國光客運1813D快捷往返台北\n\n*.歡迎來電賞屋~委託~買屋賣屋請洽:基隆東森房屋中山加盟店~ 敬請指名:林芳美(美美) \n\n服務專線:0930-082-252\n\n居易不動產仲介經紀有限公司經紀人:楊宗錦(94)基字第00109號', '2023-04-26 13:00:00'),
(6, 2, '光華國宅溫馨3房車', '基隆市', '仁愛區', '成功一路113巷', '陳惠君', '0927885537', '✔格局方正\n\n✔低管理費\n\n✔近基隆廟口.市場.生活機能強\n\n✔近火車站.中山高.交通便利\n\n✔社區管理優良  \n\n\n\n📍買賣房屋歡迎來電預約看房\n\n📍歡迎轉介紹~委託案件交給我們', '2023-04-26 13:00:00'),
(7, 2, '米蘭三房超稀有～住商不動產復興店', '基隆市', '中山區', '復興路334巷', '陳惠君', '0927885537', '市場稀有案件\n新建案新橫濱旁\n增值空間大\n邊間\n通風景觀佳\n-------------------------------------------------------------------------------------------------\n住商不動產－基隆復興加盟店\n合格經紀人：陳佳裕 (101)彰縣字第00004 號\n有心最要緊♥', '2023-04-26 13:00:00'),
(8, 3, '21承龍👉中山路👈4房明星精裝採光戶', '新北市', '林口區', '中山路81巷', '張欣儀', '0927666654', '賞屋專線  21承龍  0979626921  歡迎來林口居住  只需放心交給我\n\n全新裝潢  管線全部更新  防水重新做好  屋況超優  輕鬆入住\n\n屋主用心裝潢  格局方正好規劃  採光超好  居住品質佳\n\n靜巷內  鬧中取靜  周邊商店林立  生活機能便利\n\n買的坪數都能使用  實際空間大  住戶單純  富有人情味\n\n公車環繞路線多  交通便利  附近也好停車\n\n只要您喜歡有興趣  歡迎詢問  價格我來努力\n\n賞屋專線  21承龍  0979626921', '2023-04-26 13:00:00'),
(9, 4, '大鵬新城(貨比三家)[全區最低專任]', '新竹市', '北區', '凌雲街', '黃鎮宇', '0914070145', '~~~~~~現場有貼電話~~想知道棟別可去社區看~~基本找一下看的到~~~\n\n買屋採光必備~~採光極佳(白天可不開燈)\n\n~~~~~~~~~~~~~~~~~~~~~~年前降價~~~~~~~~~~~~~~~~~~~~~~~~~~~\n\n聯絡專線:0927360603\n\n或+LINE:s0927360603\n\n 歡迎來電洽詢', '2023-04-26 13:00:00'),
(10, 4, '市中心2000萬內全新3房平車【新竹房產', '新竹市', '東區', '北大路92巷', '黃鎮宇', '0914070145', '0.這一間比曙光利晉還便宜..曙光利晉一坪平均單價66萬。\n1.稀有新竹市中心全新未住過3房平車。\n2.鄰近北大路1分鐘、綠園道1分鐘、巨城約5分鐘、錦華市場約2分鐘、文化中心約3分鐘，生活機能交通超便利。\n3.曙光國小、國中，9年國教走路上學去，三民、東門為共同學區。\n4.此建案為一層一戶，總戶數為4戶。\n5.1樓室內平面車位，方便又好停車，把握機會不看很可惜，此有一戶。\n\n關鍵字：新竹房產\n約有16300000~20700000個搜尋結果\n我的網頁是排在第一個\n房地產問題歡迎聯絡盡力服務\n \n\n109年第四季績優人員獎\n2017年榮獲傑出專業達人獎\n2021年榮獲yahoo奇摩店家指南指標(店家日報)、google星級店家指標(店家日報)。\n2021年榮獲人間有愛兒少文學獎『企業贊助』\n2021年榮獲台灣百大品牌故事，最具有影響品牌『新竹房產 彭佳宏』\n\n請直接馬上連絡：0934010293 or line id：lotion0603 彭先生', '2023-04-26 13:00:00'),
(11, 4, '領袖官邸~稀有釋出輕屋齡大別墅可停雙車', '新竹市', '北區', '金竹路170巷', '黃鎮宇', '0914070145', '舊社國小旁稀有別墅，一樓可以停雙車位，或是隔成孝親房，\n後有一個花園可以種植，多功能使用等等，可住可店可工作室，\n屋主細心照料，屋況保持優良，可直接入住，\n舊社國小走路即可到達，湳雅大潤發騎車五分鐘，生活機能免操煩。\n\n預約看屋有喜歡價格我來談\n幸福由家開始 讓我們幫您找到幸福\n房產諮詢土地買賣\n專業誠信 服務用心 精英團隊 不負所託\n(啟)動幸福 (明)天成家\n幸福專線0935798261陳先生\n幸福專線0922833053古小姐\n鑫福不動產有限公司\n經紀業特許字號:府地價字第1020391148號\n證照字號(107)登字第338218號', '2023-04-26 13:00:00'),
(12, 5, '獨家縣三禾寅文鼎為美三房雙車／次頂視野戶', '新竹縣', '竹北市', '十興二街', '陳彥玫', '0918377045', '買賣房屋請指名.房產先生-王相胥(阿香)：0953-332277\n由阿香為您介紹好房.讓您安心置產.歡喜成家！\n大竹北區神獸級超高知名度建商~遠百影城核心商圈~文鼎為美F棟次頂樓超視野戶 全南面採光屋~\n屋主在建商興建時客變退掉客廳後方臥室牆面~採開放空間 空間更靈活 現況為書房+臥榻\n隨時可恢復為標準三房格局~B3電梯旁獨立超大連號雙車位 \n室內屋主精心設計裝潢 收納完整 維持良好~鬧中取靜你來看屋就知道多舒服安靜\n全街廓基地開發 四面臨路完整建地 車道獨立一進一出 B1直通B2在繞一小圈下B3\n為美總戶數228戶~稀少出售~三房雙車格局更是稀有~單坪售價61.6萬 歡迎建賞', '2023-04-26 13:00:00'),
(13, 5, '買方1%高鐵特區x富宇露臺戶x雙平面車位', '新竹縣', '竹北市', '隘口三街', '陳彥玫', '0918377045', '🌳近高鐵康乃爾生活圈知名富宇建案大露臺附雙平面車位稀有釋出🏡\n✨線上即可洽詢影音賞屋         此物件買方服務費僅需1%讓您輕鬆成家\n💫自住屋主換屋屋況保持的很好也可以改回三房格局🏠\n🔸近高鐵特區及生醫園區走路即可上班\n🔸絕版超大露臺，讓生活環境有更多的想像空間\n🔸未來音符公園第一排  面大棟距空間採光非常好\n🔸優質寧靜住家環境，錯過不在   建商附十幾坪專用大露臺\n【七年屋買知名富宇品牌精品宅】\n找高鐵區物件自住的朋友、絕不能放過的好機會‼️\n✅社區這一年來很少釋出，這間不太需要整理很划算\n✅若有三房空間隔回來即可空間再利用\n📞預約專線：\n0912-534-015 (藍先生)\n昇玖國際不動產', '2023-04-26 13:00:00'),
(14, 5, '太棒了！雙學區屋主願意降價真便宜', '新竹縣', '竹北市', '勝利八街', '陳彥玫', '0918377045', '1.近AI智慧園區\n\n2.優質學區，十興國小、安興國小、勝利國中\n\n3.走路即可到遠百\n\n4.便利商店及量販店集聚生活機能佳', '2023-04-26 13:00:00'),
(15, 6, '酷企鵝🐧推薦，套房車可改回兩房，速速', '桃園市', '蘆竹區', '奉化路', '彭育如', '0939244782', '下南崁知名社區，\n\n近捷運綠線G13站，增值潛力無窮\n\n社區住戶單純，管理嚴謹\n\n生活機能優，交通便利四通八達\n\n格局方正，採光好，通風佳\n\n歡迎預約賞屋\n\n敬請撥打幸福專線：\n\n房產專員：林政緯 (103)登字第266993號', '2023-04-26 13:00:00'),
(16, 6, '超級推薦🌸無敵景觀雙衛浴開窗四房車', '桃園市', '蘆竹區', '五福一路', '彭育如', '0939244782', '此物件由  本優質服務銷售團隊 (專業銷售講解)  為您專業服務銷售\n        為您 用心服務 專業分析 導覽說明 幸福成家\n南崁頂級商圈、高指名度優質社區 (稀有釋出 懇請把握)\n❤️屋齡僅13年、明星學區、社區公園、機能商圈、交通便利\n❤️綠蔭景觀、靜謐舒適環境、採光通風棒\n🌈必賣特色：\n南崁區最精華商圈正中心，學區公園交通機能頂級生活圈 一次擁有\n⭐室內主加附超大31.8坪、空間舒適好住(最棒棟別釋出、視野開闊採光通風棒)\n⭐稀有漂亮格局、大3+1房、雙衛浴開窗、三面採光、四間房間皆大\n⭐全室頂級如新舒適屋況、簡單整理裝潢規劃、直接入住\n⭐廚房漂亮後排餐櫃空間、好收納電器櫃、客餐廳空間更整齊漂亮\n⭐貼心安心物業管理(出入好放心❤️)\n錯過難再有 懇請來電 現場感受 絕對喜歡\n誠懇細心帶您導覽南崁新價值\n助您輕鬆圓夢 幸福成家 讓您由心感受 由心感動\n-----------------------------------------------------------------------\n\n\n\n\n經紀業:永慶不動產揚名不動產有限公司', '2023-04-26 13:00:00'),
(17, 7, '💖雅琪推薦💖市區花漾三房平車✨', '苗栗縣', '頭份市', '中央路407巷', '祁可欣', '0919627374', '⭐️⭐️⭐️ 優質建案，回家就像渡假  ⭐️⭐️⭐️\n🌈 中央路旁，生活機能極佳 🌈\n☀️ 臥室、衛浴皆開窗，採光明亮無暗房 ☀️\n💫 24小時警衛全天管理，安全無疑慮 💫\n🌻 社區垃圾集中區，再也不用追垃圾車 🌻\n✨ 買賣房地產找雅琪 ✨\n🏡 歡迎預約賞屋、委託房地產買賣 🏡\n☎️ 電話 ： 0988-836-336\n📲 LINE ID : chu2249 （英文小寫）', '2023-04-26 13:00:00'),
(18, 7, '🍎子菱獨家🍎台積電旁小資2房車位美廈', '苗栗縣', '竹南鎮', '科專七路', '祁可欣', '0919627374', '🌸專任🌸親友委託，請勿打擾屋主，歡迎配案🌸\n\n大埔園區上班族的福音，台積電輕鬆走路上班即可\n\n超商，藥妝店走路即到，生活便利，交通發達 \n\n地段優勢，就是永恆價值優勢，屋主割愛，請把握入手時機 \n\n採光好，通風佳，輕鬆成家，拒當租隊友的最佳選擇', '2023-04-26 13:00:00'),
(19, 9, '專任寓見花園高樓景觀戶2+1平面車位', '彰化縣', '員林市', '員林大道五段', '陳成伯', '0934074347', '來電賞屋0985269060 陳先生 可電話搜尋加LINE\n\n來電賞屋0985269060 陳先生 可電話搜尋加LINE\n\n來電賞屋0985269060 陳先生 可電話搜尋加LINE\n\n\n\n\n\n超美視野戶，3房改2房大空間，回家舒適大客廳，大空間好規劃運用\n\n永久棟距千金難買，室內約26坪，採光通風免煩惱，還有電梯旁平面大車位\n24小時完善管理，素質高，住戶單純\n社區公設超完善：接待大廳、中庭花園、交誼廳、閱覽室、健身房、親子遊戲區、KTV室、瑜珈教室、廚藝教室\n正員林大道30米路旁新華廈，公園、學區、市場、夜市、醫院都鄰近\n周邊員埔路、莒光路，生活機能機能交通都超便利\n未來增值可期，即可入住。', '2023-04-26 13:00:00'),
(20, 10, '獨家敦和大面寬透天車位⭐大露臺', '南投縣', '草屯鎮', '仁愛街', '黃文合', '0926513557', '草屯便宜大面寬透天停車\n\n室內空間大、5房可三代同堂\n\n側院儲藏室、邊間採光通風好\n\n6.5米大面寬、門前停車\n\n整棟3樓磚造、隔壁都是2樓透天\n\n鬧中取靜、住宅環境舒服\n\n車程5分鐘即可到大觀市場、全聯福利中心\n\n 敦和國小、活水游泳池、中投公路、國道3號', '2023-04-26 13:00:00'),
(21, 10, '設計師推好房✨正市區質感三房車位華廈', '南投縣', '草屯鎮', '碧山路', '黃文合', '0926513557', '高質感｜全室鋪設木質地板，全白壁面可增加室內明亮度，溫潤木地板為室內增添一絲溫暖\n超奢華｜設有高級廚具、人造石中島內崁IH爐並附設紅酒櫃、屋主精心打造的收藏展示區，以及採用高級磁磚的奢華黑金貴族浴室\n免裝潢｜屋況極好，天花層板、系統床組、訂製系統櫃，一樣都沒少，即刻入住最佳首選\n收藏間｜專屬的展示空間，收藏著屋主一點一滴收集的樂高公仔及高級杯盤，有收藏喜好的您絕對不能錯過\n正市區｜商業區精華地段，對面即是國小國中，生活機能好，接送小孩沒煩惱\n\n幸福家地產行銷設計有限公司', '2023-04-26 13:00:00'),
(22, 11, '吳鳳南路旁正三房採光佳', '嘉義市', '東區', '吳鳳南路166巷', '陳柔宏', '0925610999', '1. 吳鳳南路旁3房電梯華廈，生活便利，鬧中取靜\n\n2. 格局方正採光佳，面積大實用坪效高，空間安排容易\n\n3. 一層兩戶出入單純\n\n4. 樓梯間光線明亮，大片開窗空氣流通極優\n\n5. 廚房空間大足夠兩人一起烹飪，可放入完整電器櫃和冰箱，鄰陽台，炒菜油煙味不會留在室內\n\n6. 房間格局方正，窗戶面積大\n\n7. 上班通勤方便，車程15分即可抵達高鐵站，車程10分鐘即可抵達高速公路\n\n8. 文教區，文化氣氛濃厚，家裡小孩上學方便，近興安國小、大業國中、東吳高職、輔仁高中、幼稚園、立仁高中。此房書香宅，屋主家中多位姪兒曾在此考前衝刺考上台灣大學,名符其實的狀元城！\n\n9. 生活機能優，近南田市場、全聯、小北百貨、後庄市場、新光三越、麥當勞、星巴克，親水公園、體育館、聖馬爾定醫院\n\n10. 警察局第二分局即在巷口，治安良好\n\n11. 無管理費，當公共設施需要維護時，由住戶平均分擔費用\n\n12. 為屋主購自建商一手房，純自用未曾出租，房屋交易紀錄單純，屋況維護良好\n\n13. 雙衛浴，上班上學不用搶廁所\n\n格局360度相片：\n\nhttps://reurl.cc/aaOK63\n\n※格局圖及權狀資料僅供參考，如有紀載錯誤，依謄本登記資料為準。', '2023-04-26 13:00:00'),
(23, 11, '🍎贈送家電家俱玉山路美三房公寓458萬', '嘉義市', '西區', '玉山路251巷', '陳柔宏', '0925610999', '❤️屋主佛心家電、家具全部大放送❤️\n\n👉小家庭的最愛     😊😊\n \n🍀低總價 輕鬆成家沒負擔\n\n🍒有雙陽台採光明亮，通風一級棒🎉🎉\n\n💝 3房2廳2衛有雙陽台🎉🎉 幸福成家\n👍 屋況優     採光通風好\n\n🌈有管理員，安全性佳  社區環境優\n\n😍玉山商圈地點棒 ，住戶單純、環境清幽 、近公園\n\n☘️玉山商圈寧靜社區，生活機能好\n\n💕 屋況佳，採光通風一級棒\n\n👍使用天然瓦斯 ，方便便利 \n \n🍎一層兩戶，住戶單純、有前置陽台\n\n   💕低管理費\n\n    🌈附近有停車場好停車', '2023-04-26 13:00:00'),
(24, 11, '🔥學區🔥大坪數方正１－３樓🔥很舒適', '嘉義市', '西區', '民生南路', '陳柔宏', '0925610999', '🔥公設低．鄰近學區\n\n🔥離塵不離城，［採光好］\n\n🔥「社區型」．格局方正\n\n🔥稀有釋出，「方正格局都可擺雙人床」\n\n🔥選擇「學區好房」就是選擇一種生活\n\n🔥賞屋專線：不動產專業經理人-\n\n\n\n楊先生：０９０１３１８０４０　　Ｌｉｎｅ：０９０１３１８０４０', '2023-04-26 13:00:00'),
(25, 12, '頭橋工業區別墅', '嘉義縣', '民雄鄉', '集福街20巷', '林木芳', '0939137808', '頭橋工業區旁、全新裝潢整理、水電管到嘉義火車站僅十五分鐘十五分鐘、附近有江厝店黃昏市場、耐斯商、好市多、嘉義基督教醫院等，生活機能佳。', '2023-04-26 13:00:00'),
(26, 12, '屋主自售，嘉義長庚醫院旁-世紀香榭-邊間', '嘉義縣', '朴子市', '小槺榔一路', '林木芳', '0939137808', '屋主自售 ，屋況極佳，誠可小議。\n大砍價格及辛苦的仲介們請勿擾。\n\n位於優質社區-世紀香榭，\n24小時保全管理系統。\n透天超大棟距、邊間採光極佳，\n全戶日立空調並加設中控功能，\n已裝設太陽能熱水器。\n\n大地坪、大面寬、雙車位，\n另有空地可種植有機蔬菜或花卉。\n\n寬敞開放大客廳、餐廳，\n可獨立或開放式廚房，\n一樓玻璃陽光洗衣房方便洗、曬，\n四樓可設神明廳或書房。\n\n四\n\n55822', '2023-04-26 13:00:00'),
(27, 12, '🍎獨家🍎中正大學｜超大間漂亮時尚別墅', '嘉義縣', '民雄鄉', '瑞豐路', '林木芳', '0939137808', '獨家專任1年 屋主我親叔叔 同業請勿打擾\n\n中正大學｜超漂亮時尚別墅｜孝親房｜大主臥｜空中花園\n\n同排開價1988萬 這間只要1450萬 超心動價格\n\n超大地坪38坪 大建坪61坪 1樓後面超大空地\n\n3大套房 總格局4房3廳4衛 \n\n7年屋 屋況超漂亮  正12米大路 屋況超漂亮 無任何風水抗性 環境清幽\n\n賞屋專線：-邱建智(小邱)\n\nLine官方ID：@abc770901  (=AT1iBgZSFn1fAVz0MHbxW7jI-eNIFYYrZ0fKifvFyilgnpfTZk4ClP8ipRsgkvsRvL0t5PRYmW8gl92Ni78vc2oTpwaaCfNKsVISexgrVW68-WSBTlKzZtbzXTOT4aJTjYiG_wAF3WH8RLsjxicTewZmc0YAn9NyIkrjskPd59B0IDFa_QwcvNomUXKvHSvBf0oxvP4zm-La]https://lin.ee/IqNSns2)\n\n更多好康物件請點網址：\n\n【粉絲專頁】\n\n\n\n好房釋出，歡迎出價 讓我們努力幫您實現\n\n歡迎來電委託銷售，讓小邱用最熱忱的心為您服務', '2023-04-26 13:00:00'),
(28, 13, '市中心雲林科大旁儒林家園三房車位稀有釋出', '雲林縣', '斗六市', '文安街', '梁美玉', '0920964792', '物件介紹：\n\n🌟正三房 臥室皆開窗 屋況佳 小整理即可入住\n\n🌟九年國教學區 近雲林科技大學 雲林國中 鎮南國小\n\n🌟位於行政區域 附近有警察局 消防局 醫院 監理站 法院 衛生局 戶政事務局 市公所...等\n\n🌟享民生南路商圈 市場 附近商家賣場林立 生活機能非常好\n\n🌟享大眾設施（公園、溜冰場、 體育館、國民運動中心..等）\n\n\n\n⚠請勿直接在下方留言提問唷！此系統不會主動通知，容易忽略您的重要訊息，可能會耽誤您看屋良機+誤會業務沒回覆喔~', '2023-04-26 13:00:00'),
(29, 14, '🍎LM主管最愛大面寬大建坪邊間電梯豪宅', '台南市', '善化區', '陽光北一路', '沈晉純', '0986967829', '南科LM區精華特區，邊間戶，採光通風佳，邊間位子有專屬自己的大空間能自由規劃!\n\n大地坪大建坪，大面寬，室內空間敞開，好規劃，一樓空間可以隔間孝親房，衛浴皆有開窗，每個房間都有大陽台。\n\n鄰近南科火車站、蓮潭公園、小新國小（國中也開始動工中）、全聯，生活機能逐漸成形。\n\n內設有8人座電梯，老人家上樓好輕鬆。\n\n買賣不動產請找\n\n鄭浚弘 0976-560-800．\n\nLINE:同電話\n\n房地產問題歡迎諮詢', '2023-04-26 13:00:00'),
(30, 14, '輕屋齡🍁永續大地坪裝潢美宅🦄住商小鶴', '台南市', '安南區', '永續十八街', '沈晉純', '0986967829', '💯九份子大地坪裝潢亮麗車墅🏢 \n\n🏠找給你最想住的家🏠\n🔎小心謹慎檢查屋況🔎\n💯幫你談最美麗的價💯\n💛手牽手一起來約看💛\n\n1.品味設計裝潢，傳統一樓客餐廳，3樓半獨院別墅。\n2.九份子作為全台第一的「低碳示範社區」,屋頂也採用光電板集電自用。\n3.鄰近海佃、和緯、好市多商圈,交通便利與台17線為鄰，近科工區、直上北外環快速道路。\n4.門前10米臨路好停車，超大地坪0持分，16米棟距無敵視野景觀\n5.台南第一所九年一貫九份子國中小標準學區。\n\n🔶[屋齡] 3年新屋品味設計裝潢\n🔷[座向] 坐南朝北 賺錢穩當當\n\n\n\n\n\n\n\n\n\n\n\n💓111年度白金菁英獎\n111年度第四季季百萬\n111年度第四季單店TOP1\n111年度第三季季百萬\n111年度第二季台南區最佳銷售第三名\n111年度第二季五月份百萬經紀人\n111年度第二季單店TOP1\n年度新人王💗', '2023-04-26 13:00:00'),
(31, 16, '崇蘭近全新三房平車美廈(單坪價才24萬', '屏東縣', '屏東市', '廣東路', '許世江', '0982566078', '輕屋齡，屋主很少住，輕裝潢，簡約大方，屋況優，室內空間大，格局方正，採光、通風佳，超大陽台，動線寬敞，不擁擠，雙衛浴皆開窗，低管理費，生活無負擔，行情價，歡迎來電鑑賞。', '2023-04-26 13:00:00'),
(32, 16, '崇蘭近全新三房平車美廈(單坪價才24萬', '屏東縣', '屏東市', '廣東路', '許世江', '0982566078', '輕屋齡，屋主很少住，輕裝潢，簡約大方，屋況優，室內空間大，格局方正，採光、通風佳，超大陽台，動線寬敞，不擁擠，雙衛浴皆開窗，低管理費，生活無負擔，行情價，歡迎來電鑑賞。', '2023-04-26 13:00:00'),
(33, 17, '宜市河濱景觀3房車位華廈-永慶淑寬', '宜蘭縣', '宜蘭市', '宜興路三段', '姚賢恭', '0931115318', '高樓層全視野景觀華廈，鄰宜蘭河濱公園是一個遛狗、運動、散步的好社區\n房間格局方正，社區24安全保全\n明星學區:宜蘭國中、力行國\n3分鐘到夜市，4分鐘火車站、轉車站、6分鐘直接上國道\n坐擁交通、學區、醫院、商圈、公園，完美機能生活區，一座蘭陽首選優質華廈', '2023-04-26 13:00:00'),
(34, 17, '🌴礁溪❷❶詠樂🌴至尊高樓美裝潢雙湯屋', '宜蘭縣', '礁溪鄉', '溫泉路', '姚賢恭', '0931115318', ' 🏝️礁溪➋➊詠樂降價道相報🏝️\n🎊礁溪溫泉熱賣中🎊\n來礁溪就是要泡湯ㄚ♨️快來泡溫泉舒服一下♨️\n📢📢賣一間少一間\n\n❤️正礁溪市區 蛋黃區中的蛋黃\n🧡裝潢超美超質感 拎包直接入住沒問題\n💛室內空間方正寬敞 絕對不壅擠\n💚超低公設 有停車位\n💙這樣經濟實惠價格 下半年不會再有\n     要看請手刀預約要快 \n💎💎不怕買不起 只怕買不到💎💎\n-------------------------------------------------------------------------\n【地點】:宜蘭縣礁溪鄉溫泉路\n【售價】:680萬\n【坪數】:19.2坪', '2023-04-26 13:00:00'),
(35, 17, '吳錫輝~清水大鎮輕鬆成家3房車位美宅', '宜蘭縣', '五結鄉', '季水路', '姚賢恭', '0931115318', '萬現主時只要萬\n\n清水大鎮輕鬆成家3房車位美宅\n\n親友專案誠意出售 萬\n\n低總價、輕鬆成家、小資族首選\n\n新婚成家、幸福首選、稀有物件\n\n屋況優質、簡易整理、即可入住\n\n格局方正、採光明亮、通風良好\n\n近傳藝中心、冬山河親水公園、綠舞飯店\n\n屋主誠意開價、機會難得、要買要快\n\n【地點】：五結鄉季水路清水三巷\n\n【型態】：重疊公寓（下疊）\n\n【價錢】：萬\n\n【坪數】：建坪44.85坪\n\n                    地坪15.9坪\n\n【格局】：3房2廳2衛\n\n【樓別】：所在1-2樓 共4樓 \n\n【屋齡】：25年\n\n【朝向】：北\n\n出價就談、出價就談 、出價就談\n\n為加快服務速度，\n\n洽詢或預約看屋，\n\n歡迎加LINE或直接來電，\n\n謝謝唷!\n\n電話：0938424999 吳先生\n\nLine ID   hsi.hui.wu\n\n出價就談出價就談出價就談\n\n歡迎賞屋\n\n有巢氏房屋-羅東倉前加盟店\n\n吳錫輝 證照字號 : (109)登字第362570號\n\n美綸不動產股份有限公司\n\n經紀人 李秀娟 (93)宜字第00101號', '2023-04-26 13:00:00'),
(36, 17, '吳錫輝~近清溝夜市百萬裝潢豪華別墅', '宜蘭縣', '冬山鄉', '永興路二段91巷', '姚賢恭', '0931115318', '近清溝夜市百萬裝潢豪華別墅\n\n萬\n\n優質住宅，明亮舒適格局方正\n\n百萬精緻裝潢，另有一塊小農地，享受農夫樂\n\n生活機能佳，門口大車位，另有社區迎賓車位\n\n開價1398萬您來出價我來努力\n\n地點冬山鄉永興路二段\n\n型態別墅\n\n屋齡7年\n\n樓層共1-3樓\n\n格局4房2廳4衛\n\n坪數建坪約53.12坪,地坪約44.6坪\n\n想找更多房屋資訊，請看我的591商舖\n\n\n\n電話：0938424999 吳先生\n\nLINE : hsi.hui.wu\n\n出價就談出價就談出價就談\n\n歡迎賞屋\n\n有巢氏房屋-羅東倉前加盟店\n\n吳錫輝 證照字號 : (109)登字第362570號\n\n美綸不動產股份有限公司\n\n經紀人 李秀娟 (93)宜字第00101號\n\n(成交收取服務費)', '2023-04-26 13:00:00'),
(37, 18, '[鑽石房地產]寶桑國中旁一樓好公寓', '台東縣', '台東市', '仁八街', '鄭仲茜', '0986094046', 'ESG+房仲第一品牌\n台灣房屋\n\n\n📌特色\n\n✅進出方便空間大、採光好通風佳，要生活有生活、要機能有機能的優質好房\n\n✅衛浴全新整理，房屋漂亮整齊，馬上買馬上入住，一樓免爬樓梯\n\n✅乾淨漂亮可直接入住\n\n✅三房兩廳一衛浴，開價578，有興趣歡迎來電\n\n📌生活機能', '2023-04-26 13:00:00'),
(38, 18, '[鑽石房地產]漢陽高投報精華地區收租六套', '台東縣', '台東市', '漢陽北路', '鄭仲茜', '0986094046', 'ESG+房仲第一品牌\n台灣房屋\n\n\n📌特色\n\n✅穩定收租當個快樂收租公/婆\n\n✅邊間透天，間間採光都好，白天根本不用開電燈\n\n✅年收38起內行就懂，長期持有投資出租都很讚\n\n✅極少釋出不買可惜，臨近商圈，學區，租客絡繹不絕\n\n✅整棟水電衛浴全面更新\n\n生活機能\n\n緊鄰漢陽黃昏市場、全聯購物中心、星巴克、麥當勞、小吃店\n\n鄰市場近採買方便', '2023-04-26 13:00:00'),
(39, 19, '🧡移居首選💗景觀絕佳💚自售仲介免', '花蓮縣', '花蓮市', '德安六街', '汪婷婷', '0987082334', '⭐️精緻2房低公設 近麥當勞+肯德基及中華路 生活機能佳\n\n⭐️邊間正面臨七腳川溪 景觀絕佳 光線充足 全室對外窗\n\n⭐️自住式全新裝潢 電線(太平洋)無熔絲開關(士林電機)全換新\n\n     分離式衛浴(+防水) 耐磨地板+美觀天花板 全新氣密鋁窗\n\n⭐️大樓24小時警衛管理 郵件包裹專人收件\n\n⭐️近國小、國中學區 就學便利性', '2023-04-26 13:00:00'),
(40, 19, '(專任)台灣郁淇🏆美崙民意三房車位華廈', '花蓮縣', '花蓮市', '東興一街', '汪婷婷', '0987082334', 'O 格局方正，動線分明\n\nO 雙陽台\n\nO 屋況好，採光明亮，空氣通風\n\nO 一層四戶\n\nO 有平面車位回家免煩惱', '2023-04-26 13:00:00'),
(41, 20, '德賢商圈*最超值樓店*1+2樓/專約可談', '高雄市', '楠梓區', '德賢路248巷', '蔡淑花', '0920365094', '✔️位於楠梓人潮密集德賢商圈店面效益佳。\n✔️1+2樓空間大好利用，店住合一。\n✔️地點佳機能好，自住收租皆宜。\n✔️近省道直通上國道，交通便利。\n【銷售女神】\n沒有賣不掉的房子！在合理範圍（實價登錄內），快速成交！\n最愛賣房子，最愛做廣告，最感恩在成交後，買賣雙方都幸福圓滿~\n快來電洽詢：0908169598\n菁英房仲~楠梓小云❤(安親老師Amy)', '2023-04-26 13:00:00'),
(42, 20, '*專約*楠加州電梯美美大二房/難得出售', '高雄市', '楠梓區', '惠民路', '蔡淑花', '0920365094', '✔德賢商圈最熱鬧地段\n✔食衣住行免煩惱\n✔鄰近右昌森林公園\n✔散步休閒好去處\n✔超大空間好規劃\n✔有垃圾子母車\n\n加工區旁\n租金收益加\n投資自住皆宜\n\n【銷售女神】\n沒有賣不掉的房子！在合理範圍（實價登錄內），快速成交！\n最愛賣房子，最愛做廣告，最感恩在成交後，買賣雙方都幸福圓滿~\n快來電洽詢：0908169598\n菁英房仲~楠梓小云❤(安親老師Amy)', '2023-04-26 13:00:00'),
(43, 20, '真的很便宜*仁翔電梯美三房*價好談!', '高雄市', '楠梓區', '清平街51巷', '蔡淑花', '0920365094', '✔️通風採光佳，前後雙陽台\n✔️次高樓層，無棟距，帝王景觀\n✔️格局方正，室內空間大\n✔️仁翔商圈，食衣住行便利，生活機能佳\n✔️一層2戶，一部梯\n✔️鄰交流道，南北往來交通便利\n【銷售女神】\n沒有賣不掉的房子！在合理範圍（實價登錄內），快速成交！\n最愛賣房子，最愛做廣告，最感恩在成交後，買賣雙方都幸福圓滿~\n快來電洽詢：0908169598\n菁英房仲~楠梓小云❤(安親老師Amy)', '2023-04-26 13:00:00'),
(44, 20, '清景麟白易居✔️三房平車✔️R21捷運宅', '高雄市', '楠梓區', '惠正街', '蔡淑花', '0920365094', '# 清景麟【白易居】總戶數規劃165 戶，坪數規劃二房(20~23坪) 、三房(30~41坪) ，「柱核心耐震結構 – Alfa Safe 柱中柱」鋼筋專利工法施工。\n# 全棟戶別標配日本三協氣密窗、SPC石晶隔音地板，區域最高標準，國際寧靜建材。\n# 本戶別高樓層景觀宅，一層6戶配置2部電梯皆直達地下室。\n# 現況3房2廳2衛，主臥可看棒球場棟距佳，衛浴開窗，車位於電梯口邊格好出入。\n# 公共設施：接待大廳、空中花園、游泳池、健身房、生活講堂。\n✦✧✦✧✦✧✦✧✦✧✦✧✦✧✦✧✦✧✦✧✦✧✦\n👉買賣房屋請找專業的威登團隊👈\n💡 威登，為您點亮幸福的那盞燈💡\n🏠 威登菁英團隊 🏠  🔍 擴大徵才 🔍\n🗣  誠徵「社會新鮮人」「愛賺錢的人」「熱血青年」\n😍 天生麗質的你，等你來展開天生勵志的故事👏\n👏 歡迎加入我們（威登菁英團隊）\n✊️  讓我們一起達成夢想✊️\n☎️ 聯絡專線 ：0986-915-989 陳店長 \n📍   驛站地點 ：高雄市楠梓區大學十街2號', '2023-04-26 13:00:00'),
(45, 20, '加昌國小✔️超美三房+車位✔️薇多綠雅', '高雄市', '楠梓區', '加宏路22巷', '蔡淑花', '0920365094', '✔️一層兩戶，住戶單純\n✔️客廳明亮採光好，格局方正，空氣流通\n✔️房子前後採光面無遮擋，無空間浪費\n✔️緊鄰加昌國小、楠梓加工區，附近生活機能佳\n✔️汽車位為機械上層B1-109，電梯出來就到了\n✔️機車位隨到隨停\n✦✧✦✧✦✧✦✧✦✧✦✧✦✧✦✧✦✧✦✧✦✧✦\n👉買賣房屋請找專業的威登團隊👈\n💡 威登，為您點亮幸福的那盞燈💡\n🏠 威登菁英團隊 🏠  🔍 擴大徵才 🔍\n🗣  誠徵「社會新鮮人」「愛賺錢的人」「熱血青年」\n😍 天生麗質的你，等你來展開天生勵志的故事👏\n👏 歡迎加入我們（威登菁英團隊）\n✊️  讓我們一起達成夢想✊️\n☎️ 聯絡專線 ：0986-915-989 陳店長 \n📍   驛站地點 ：高雄市楠梓區大學十街2號', '2023-04-26 13:00:00'),
(46, 21, '崇蘭近全新三房平車美廈(單坪價才24萬', '屏東縣', '屏東市', '廣東路', '施淑萍', '0971615586', '輕屋齡，屋主很少住，輕裝潢，簡約大方，屋況優，室內空間大，格局方正，採光、通風佳，超大陽台，動線寬敞，不擁擠，雙衛浴皆開窗，低管理費，生活無負擔，行情價，歡迎來電鑑賞。', '2023-04-26 13:00:00'),
(47, 20, '永春松山路雙面窗戶/林口街夜市/可寵 優選好屋', '台北市', '信義區', '松山路', '王姵財', '0935957190', '▣ 格局：1房 1衛 ', '2023-04-26 13:00:00'),
(48, 20, '永春市政府小套房/近公車站/格局方正乾淨 優選好屋', '台北市', '信義區', '永吉路180巷', '王姵財', '0935957190', '▣ 格局：1房 1衛 \n▣ 地點：捷運永春站步行約9分鐘，捷運市政府站 步行約9分鐘，巷口公車站步行不到1分鐘\n\n🏪永春生活圈，衣食住行生活機能佳，近711、全家、蝦皮店到店步行約3分鐘\n\n💼 全新家具全新粉刷，一卡皮箱即可入住：衣櫃、書桌、床、洗衣、冰箱、電視、熱水器等基本家具皆有（現場確認） \n\n📺 租金含水費、網路、第四台，電費一度5元\n\n👩‍🎓 適合學生或上班族\n\n💁‍♀️ 歡迎加Line約看\nLINE ID：mantou93\n\n⚠️ 免費帶看，確定承租才收取服務費\n⚠️ 591留言、即時訊息時常延遲或漏信，歡迎您直接致電預約看房！\n\n🗣️ English speaking service provided (TOEIC Gold Certificate)\nHi, I‘m Jade, if you are looking for an apartment/condo to rent, please feel free to contact me! I have many experience to assist expats in finding an apartment ;-)', '2023-04-26 13:00:00'),
(49, 20, '中山捷運站.獨立套房.有陽台.磁扣出入 優選好屋', '台北市', '中山區', '林森北路119巷', '王姵財', '0935957190', '0', '2023-04-26 13:00:00'),
(50, 20, '⭐電梯陽台/代收垃圾可寵/中山捷運⭐ 優選好屋', '台北市', '中山區', '林森北路119巷', '王姵財', '0935957190', '中山捷運  交通便利 生活機能成熟', '2023-04-26 13:00:00'),
(51, 20, '中山國小站、大坪數陽台2房、晴光商圈', '台北市', '中山區', '新生北路三段62巷', '王姵財', '0935957190', '0', '2023-04-26 13:00:00'),
(52, 21, '海洋都心三期景觀兩房(免仲介費可入戶籍)', '新北市', '淡水區', '新市三路二段', '陳惠君', '0935957190', '💯買屋賣屋租屋歡迎指名在地經營有巢氏蔚城店侯威廷(小侯)0983-607-781', '2023-04-26 13:00:00'),
(53, 21, '海洋都心三期景觀四房車(免仲介費可入戶籍', '新北市', '淡水區', '新市三路二段', '陳惠君', '0927885537', '0', '2023-04-26 13:00:00'),
(54, 21, '海洋都心含家具含管含網二房（免服務費', '新北市', '淡水區', '新市五路三段', '陳惠君', '0927885537', '月租金19099元 (包含網路、管理費) \n*日立變頻冷暖氣機，超級省電\n*配有全套家具，全新冰箱、烘碗機、免治馬桶、獨立的廚房，有瓦斯爐哦\n*配置天然瓦斯, 浴室熱水器不是電熱式 ,不須擔心洗一半熱水不夠', '2023-04-26 13:00:00'),
(55, 21, '海洋都心景觀兩房免仲介服務費', '新北市', '淡水區', '新市三路二段', '陳惠君', '0927885537', '免仲介費,免仲介費,免仲介費', '2023-04-26 13:00:00'),
(56, 21, '淡水老街超大露台套房近捷運/免仲介費 優選好屋', '新北市', '淡水區', '中正路5巷', '陳惠君', '0927885537', '天台套房，獨立門戶、稀有地段...淡水老街正中央，下樓就是公園河景，距離捷運站僅300公尺！', '2023-04-26 13:00:00'),
(57, 22, '【寵物租屋】狗狗｜有陽台｜洗衣機｜貓咪', '桃園市', '中壢區', '吳鳳二街', '張欣儀', '0927885537', '✨若騎車或帶看中漏接電話，亦歡迎Line/簡訊聯繫\n\n李先生：０９０３９３３２６９\nＬＩＮＥ：@193xitlg', '2023-04-26 13:00:00'),
(58, 22, '【武陵高中】專屬陽台｜專屬陽台｜全新裝潢', '桃園市', '桃園區', '國信街', '張欣儀', '0927885537', '', '2023-04-26 13:00:00'),
(59, 22, '全新裝潢一手屋中壢工業區稀有大套房', '桃園市', '中壢區', '吉利九街', '張欣儀', '0927885537', '稀有大套房格局 全新裝潢 全新傢俱家電 全新免治馬桶  採光通風超棒\n\n近內壢火車站 中壢工業區  中壢交流道 工作機會多 歡迎工程師承租\n\n生活機能好 近內壢火車站 中壢交流道 7-11 萊爾富 早餐店 附近就有黃昏市場~覓食超方便 美廉社 小吃店 藥妝店 美髮店 一卡皮箱即可入住\n\n包含水費 第四台 網路 \n獨立電表一度5元 請撥打 0932-300-628 張小姐 立即賞屋\nLINE ID:duckjessie168\n\n中信房屋中原大學店~東禾房屋股份有限公司\n(98)桃市經字第001068號經紀人方維磊', '2023-04-26 13:00:00'),
(60, 22, '藝文特區優質3房便宜出租', '桃園市', '桃園區', '中正路1388號', '張欣儀', '0927885537', '0', '2023-04-26 13:00:00'),
(61, 22, '鄰近火車站~健行科大~健行路~中北路二段', '桃園市', '中壢區', '自忠三街', '張欣儀', '0927885537', ' 全新整理     室內機車位   環境單純  禁菸禁寵物      ', '2023-04-26 13:00:00'),
(62, 23, '竹科｜嶄新飯店式管理兩房｜可寵 優選好屋', '新竹市', '東區', '慈濟路', '黃鎮宇', '0927885537', '0', '2023-04-26 13:00:00'),
(63, 23, '台鐵支線千甲站附近安靜優質大二房', '新竹市', '東區', '太原路128號', '黃鎮宇', '0927666654', '0', '2023-04-26 13:00:00'),
(64, 23, 'V-關新日光公園3+1房平車傢電全 優選好屋', '新竹市', '東區', '關新路', '黃鎮宇', '0927666654', '小型住宅、一般住宅、高級住宅、ビジネス向けオフィスおよび店舗の賃貸サービスを取り扱っており、必要なマーケット情報を入手し、市場動向や競合優位性も把握しております', '2023-04-26 13:00:00'),
(65, 23, '竹科附近頂級住宅高階主管外商最愛', '新竹市', '東區', '龍山東路', '黃鎮宇', '0927666654', '0', '2023-04-26 13:00:00'),
(66, 23, '竹科*機能優*美套房', '新竹市', '東區', '新莊街', '黃鎮宇', '0927666654', '0', '2023-04-26 13:00:00'),
(67, 24, '體育館｜挑高三房樓中樓｜含管理費 優選好屋', '新竹縣', '竹北市', '福興東路一段', '陳彥玫', '0927666654', '0', '2023-04-26 13:00:00'),
(68, 24, '免仲介費超新大遠百旁警衛管理獨立陽台套房', '新竹縣', '竹北市', '莊敬三路', '陳彥玫', '0914070145', '特色說明   八大特種行業無法承租請多見諒   全面禁菸禁止養寵物', '2023-04-26 13:00:00'),
(69, 24, '近台大生醫！步行高鐵8分鐘兩房平面車位', '新竹縣', '竹北市', '隘口二路', '陳彥玫', '0914070145', '1.近高鐵新竹站，距離約650公尺，步行約7~8分鐘可達。', '2023-04-26 13:00:00'),
(70, 24, 'V康乃爾.獨立進出小豪宅4房三主臥平面', '新竹縣', '竹北市', '隘口二路258巷', '陳彥玫', '0914070145', '0', '2023-04-26 13:00:00'),
(71, 24, '近台元竹北火車站，可合租超大坪數大二房', '新竹縣', '竹北市', '中泰路', '陳彥玫', '0914070145', '附近好停車，平面汽車位自行尋找另租，室內機車位隨到停', '2023-04-26 13:00:00'),
(72, 25, '全新山佳優質公寓，平面汽機車位', '苗栗縣', '竹南鎮', '佳北一街58巷', '彭育如', '0914070145', '0', '2023-04-26 13:00:00'),
(73, 25, '稀有大坪數樓中樓', '苗栗縣', '竹南鎮', '永貞路二段80巷', '彭育如', '0918377045', '近運動公園、竹南火車站東站', '2023-04-26 13:00:00'),
(74, 25, '竹南大埔-小資專屬電梯套房，要搶要快', '苗栗縣', '竹南鎮', '科專二路282巷', '彭育如', '0918377045', '0', '2023-04-26 13:00:00'),
(75, 25, '大坪數絕美透天，近市區、交流道', '苗栗縣', '竹南鎮', '龍昇街', '彭育如', '0918377045', '0', '2023-04-26 13:00:00'),
(76, 25, '佳北陽台套房出租(含個人洗衣機) 優選好屋', '苗栗縣', '竹南鎮', '佳北二街97巷', '彭育如', '0918377045', '竹南佳北電梯套房出租\n\n 離竹南科學園區10分鐘路程,離竹南火車站2分鐘,環境單純優雅,房間方正明亮,溫馨溫暖的感覺\n\n洗衣機.桌子.椅子.雙人床.彈簧床墊.衣櫥.32吋電視.電冰箱.冷氣,(獨立電錶計費)\n\n歡迎預約看屋(皆專人帶看) . 房間戶戶有對外窗，先選先贏\n\n 預約電話:0963752121王小姐', '2023-04-26 13:00:00'),
(77, 26, '大葉大學全新未住可貓獨洗乾濕分離有車位', '彰化縣', '員林市', '山腳路三段', '祁可欣', '0918377045', '0', '2023-04-26 13:00:00'),
(78, 26, '採光通風特好，出門即公園，汽機車好停 優選好屋', '彰化縣', '彰化市', '平和十一街', '祁可欣', '0939244782', '間間都有對外窗，套房全新粉刷整理', '2023-04-26 13:00:00'),
(79, 26, '2房可分租全新打造.近建國.彰基.彰師大 優選好屋', '彰化縣', '彰化市', '建寶街', '祁可欣', '0939244782', '【寓所新居-建寶】\n地理位置：近大埔商圈/彰基/建國/彰師大\n*看屋後三天內起租，享優惠*\n🏠F格局：2房1衛1廳2陽台\n*間間有窗房\n🏠F坪數：15坪\n樓層:寬敞客廳、冰箱、鞋櫃、超大曬衣空間、洗衣機\n🔅租金包含--水、公共電、洗澡瓦斯\n\n💰押金：二個月\n❄️獨立浴廁皆有對外窗\n❄️每層樓洗衣機.曬衣大空間\n🥘有電磁爐簡易炊煮～\n🚫全面禁菸\n🤗歡迎可1貓～須簽寵物條款\n🚌生活機能近—\n*彰化基督教醫院、秀傳紀念醫院、南郭國小、彰安國民中學、彰化高級中學、建國科技大學、彰化美術館、彰化高級商業職業學校、彰化師範大學、戶政事務所、財政部中區國稅局彰化分局\n*華陽市場、大埔街、全聯、全家超商、7-11、蝦皮店到店、楓康超市、路易沙咖啡、康是美、肯德基、麥當勞\n🚌交通便利：火車站8分鐘、彰基醫院附近公車站多多、汽車通勤族，巷口巷尾停車場多多\n\n【寓所優居品牌】為了給租客更好的生活品質，不計成本全新打造，提供租屋族也能享受生活，擁有家的感覺，租屋也能溫馨有溫度\n\n寓所租賃全新打造、整租、合租、單間 歡迎洽詢詳談', '2023-04-26 13:00:00'),
(80, 26, '全棟新建💝大空間雙採光💥系統櫃👍', '彰化縣', '員林市', '莒光路', '祁可欣', '0939244782', '💥全新完工、電梯陽台獨洗曬💥\n--------------------------------\n📌系統家具多元收納\n📌北歐風格、質感裝潢\n📌乾溼分離、浴室開窗\n📌方正格局、採光超美\n📌雙門冰箱、飲水機\n📌超大陽台、獨洗獨曬\n📌高檔建材、防火、靜音又安全\n📌電梯、垃圾處理乾淨又便利\n--------------------------------\n🏡地址： #莒光路\n租金內含：✔️網路✔️第四台\n                 ✔️清潔費✔️水費\n♻️垃圾：子母車\n🐈‍寵物：禁止\n--------------------------------\n📞幸福賞屋專線:0979-013068\n📟LINE ID: @632okjtl【棠老大】\n💖麒家不動產-改建代租管售💖\n💢成交時收取50%服務費💢', '2023-04-26 13:00:00'),
(81, 26, '新套房，近火車站，市場，有陽台個人洗衣機', '彰化縣', '彰化市', '中正路一段281號', '祁可欣', '0939244782', '0', '2023-04-26 13:00:00'),
(82, 27, '草屯圓環旁店住', '南投縣', '草屯鎮', '東美街52號', '陳成伯', '0939244782', '0', '2023-04-26 13:00:00'),
(83, 27, '中興新村全新別墅精品套房一樓出租', '南投縣', '南投市', '仁愛路91巷15號', '陳成伯', '0919627374', '0', '2023-04-26 13:00:00'),
(84, 27, '埔里優質出租套房，環境靜幽，近市區', '南投縣', '埔里鎮', '珠生路78巷', '陳成伯', '0919627374', '0', '2023-04-26 13:00:00'),
(85, 27, '超棒套房招租 優選好屋', '南投縣', '草屯鎮', '民生路112號', '陳成伯', '0919627374', '0', '2023-04-26 13:00:00'),
(86, 27, '愛喝牛奶不一定要養頭牛好山好水任你玩幾年 優選好屋', '南投縣', '埔里鎮', '中正路', '陳成伯', '0919627374', '0', '2023-04-26 13:00:00'),
(87, 28, '宏都宏都小三房', '嘉義市', '東區', '保健街', '黃文合', '0919627374', '小三房 有2個衛浴 雙陽台 大樓24小時管理 有天然瓦斯 租金含管理費', '2023-04-26 13:00:00'),
(88, 28, '秀泰影城旁精品套房 優選好屋', '嘉義市', '西區', '林森西路290號', '黃文合', '0934074347', '※ ', '2023-04-26 13:00:00'),
(89, 28, '天秤樓中樓使用約50坪4+1房 優選好屋', '嘉義市', '東區', '興美七街', '黃文合', '0934074347', '嘉義大學(距離約800公尺)~天秤座大樓全新完工\n\n☎️歡迎來電看屋☎️徐小姐0963567182\n\n即可入住4房2廰2衛3陽台（輕奢住宅 +發票公司優先）坪數50樓2層\n總樓層 9\n機械車位另計 管理費另計\n\n4房2廳2衛2陽台座北朝南身分邀求：公司、家庭🏆流星雨天秤座4房🏆距離嘉義大學大約500米💌大樓下有7-11📌嘉義市西區興美七街', '2023-04-26 13:00:00'),
(90, 28, '火車站前全新裝潢精品套房 優選好屋', '嘉義市', '西區', '仁愛路393號', '黃文合', '0934074347', '※', '2023-04-26 13:00:00'),
(91, 28, '套房近嘉大蘭潭校區限大一、二', '嘉義市', '東區', '鹿寮里紅毛埤', '黃文合', '0934074347', '0', '2023-04-26 13:00:00'),
(92, 29, '故宮南院套房近長庚/縣政府，歡迎月租', '嘉義縣', '朴子市', '仁和二路', '陳柔宏', '0934074347', '0', '2023-04-26 13:00:00'),
(93, 29, '後庄中華路透天店面', '嘉義縣', '水上鄉', '中華路', '陳柔宏', '0926513557', '0', '2023-04-26 13:00:00'),
(94, 29, '中正大學、嘉義大學、南華大學學生套房出租', '嘉義縣', '民雄鄉', '豐收村72號', '陳柔宏', '0926513557', '0', '2023-04-26 13:00:00'),
(95, 29, '中正大學旁電梯獨立套房及柚木家具 優選好屋', '嘉義縣', '民雄鄉', '山子腳103號', '陳柔宏', '0926513557', '宿舍名稱：茗貫學生宿舍', '2023-04-26 13:00:00'),
(96, 29, '全新獨立套房專人管理-凱格鹿旗艦會館', '嘉義縣', '民雄鄉', '神農三街26號', '陳柔宏', '0926513557', 'Kangaroo 凱格鹿旗艦會館', '2023-04-26 13:00:00'),
(97, 30, '實習準備國考佳+近台大醫+短租可議 優選好屋', '雲林縣', '斗六市', '龍潭南路', '林木芳', '0926513557', '0', '2023-04-26 13:00:00'),
(98, 30, '石榴國中電梯大樓全新裝潢傢俱完備一房一廳 優選好屋', '雲林縣', '斗六市', '光復路73巷', '林木芳', '0925610999', '0', '2023-04-26 13:00:00'),
(99, 30, '精品飯店風小豪宅 優選好屋', '雲林縣', '虎尾鎮', '松園三路', '林木芳', '0925610999', '精品小豪宅特色', '2023-04-26 13:00:00'),
(100, 30, '莿桐美墅出租', '雲林縣', '斗六市', '西平路901巷', '林木芳', '0925610999', '0', '2023-04-26 13:00:00'),
(101, 30, '鎮東套房雅房冷氣洗衣機全拎包入住 優選好屋', '雲林縣', '斗六市', '育英南街24號', '林木芳', '0925610999', '0', '2023-04-26 13:00:00'),
(102, 31, '南科LM溫馨套房/園區首選 優選好屋', '台南市', '善化區', '西拉雅大道', '梁美玉', '0925610999', '0', '2023-04-26 13:00:00'),
(103, 31, '💖安平潤隆真愛3房(可公司戶報稅)', '台南市', '安平區', '國平北路', '梁美玉', '0939137808', '💖潤隆真愛稀有三房。近國平商圈,生活機能好。', '2023-04-26 13:00:00'),
(104, 31, '✦安定✦單人溫馨電梯套房 優選好屋', '台南市', '安定區', '許中營75號', '梁美玉', '0939137808', '【日光行館5】', '2023-04-26 13:00:00'),
(105, 31, '近南科電梯套房變頻冷氣,可開發票租屋補助 優選好屋', '台南市', '善化區', '中正路', '梁美玉', '0939137808', '0', '2023-04-26 13:00:00'),
(106, 31, '降租/溫馨2房❣️南北房屋新市富善金店 優選好屋', '台南市', '善化區', '西拉雅大道', '梁美玉', '0939137808', '🎊專屬收信件🎊倒垃圾\n🎊全新家具家電全配備🎊新屋齡🎊', '2023-04-26 13:00:00'),
(107, 32, '2房2衛三民區鼎山家樂福近左營區苓雅前金 優選好屋', '高雄市', '三民區', '順昌街55號', '沈晉純', '0939137808', '鼎山家樂福旁', '2023-04-26 13:00:00'),
(108, 32, '三民區全新景觀3房2衛近高醫左營前金鼓山 優選好屋', '高雄市', '三民區', '同盟一路', '沈晉純', '0920964792', '郡都當代全新大樓\n\n臨近高雄醫學院、好市多、義享天地 、熱河自由商圈，生活機能佳且交通方便。\n\n度假休閒民宿概念房設計，時尚裝潢  一卡皮箱入住。\n\n附4台變頻冷暖氣機、衣櫥  獨立筒彈簧床、沙發、大冰箱、洗衣機 50吋智慧型電視、智慧型馬桶及2衛浴。', '2023-04-26 13:00:00'),
(109, 32, '仰德三房陽明商圈衛武營文山特區九如交流道 優選好屋', '高雄市', '三民區', '九如一路198號', '沈晉純', '0920964792', '0', '2023-04-26 13:00:00'),
(110, 32, '美術館超優質可戶籍寵物友善兩房車位', '高雄市', '鼓山區', '美術北五街', '沈晉純', '0920964792', '0', '2023-04-26 13:00:00'),
(111, 32, '微笑時代雅緻兩房含全套傢電', '高雄市', '前鎮區', '廣西路', '沈晉純', '0920964792', '1.附大金冷氣，飛利浦電視，LG冰箱，洗衣機', '2023-04-26 13:00:00'),
(112, 33, '大仁科大對面~超值豪華雙人大套房 優選好屋', '屏東縣', '鹽埔鄉', '維新路21號', '許世江', '0920964792', '南臺灣租屋第一品牌  臺邦租賃  屏東農莊', '2023-04-26 13:00:00'),
(113, 33, '精緻雙人豪華大套房-最靠近屏科大 優選好屋', '屏東縣', '內埔鄉', '農專街55巷61號', '許世江', '0986967829', '0', '2023-04-26 13:00:00'),
(114, 33, '精緻單人大套房-最靠近屏科大 優選好屋', '屏東縣', '內埔鄉', '農專街55巷61號', '許世江', '0986967829', '獨享大坪數，租金超便宜', '2023-04-26 13:00:00'),
(115, 33, '豪華雙人精緻大套房，大仁國際會館 優選好屋', '屏東縣', '長治鄉', '德和路78號', '許世江', '0986967829', '0', '2023-04-26 13:00:00'),
(116, 34, '優質套房全新裝潢採光佳近文化工場,近夜市 優選好屋', '宜蘭縣', '羅東鎮', '成功街', '姚賢恭', '0986967829', '0', '2023-04-26 13:00:00'),
(117, 34, '宜蘭運動公園旁車位2房美廈', '宜蘭縣', '宜蘭市', '凱旋路', '姚賢恭', '0982566078', '宜蘭運動公園旁交通便利、生活品質佳，多元公設、優質物業管理，附平面車位。', '2023-04-26 13:00:00'),
(118, 34, '礁溪巨星溫泉大夏1+1房車位高樓採光佳', '宜蘭縣', '礁溪鄉', '溫泉路53號', '姚賢恭', '0982566078', '0', '2023-04-26 13:00:00'),
(119, 34, '宜蘭大學女中路旁優質套房 優選好屋', '宜蘭縣', '宜蘭市', '進士路151巷4弄1', '姚賢恭', '0982566078', '0', '2023-04-26 13:00:00'),
(120, 35, '中華四維路口電梯套房,可短租,另有4人房', '台東縣', '台東市', '中華路一段', '鄭仲茜', '0982566078', '0', '2023-04-26 13:00:00'),
(121, 35, '可竉,電梯落地窗陽台,有車位另有4人房', '台東縣', '卑南鄉', '溫泉路314號', '鄭仲茜', '0982566078', '0', '2023-04-26 13:00:00'),
(122, 35, '中山路中正路口,近中央市場,可短租.', '台東縣', '台東市', '中山路', '鄭仲茜', '0982566078', '0', '2023-04-26 13:00:00'),
(123, 35, '大同路高級套房出租', '台東縣', '台東市', '大同路141號', '鄭仲茜', '0982566078', '0', '2023-04-26 13:00:00'),
(124, 36, '花蓮車站前全新豪華套房出租 優選好屋', '花蓮縣', '花蓮市', '國興二街', '汪婷婷', '0982566078', '0', '2023-04-26 13:00:00'),
(125, 36, '市區酒店公寓電梯全新雅套房月租長短租', '花蓮縣', '花蓮市', '中山路', '汪婷婷', '0931115318', '0', '2023-04-26 13:00:00'),
(126, 36, '可短租及雙人合租與開伙，有汽/機車停車位 優選好屋', '花蓮縣', '花蓮市', '華德街29巷', '汪婷婷', '0931115318', '0', '2023-04-26 13:00:00'),
(127, 36, '步行三分鐘到火車站，有大廈管理員', '花蓮縣', '花蓮市', '國聯四路', '汪婷婷', '0931115318', '0', '2023-04-26 13:00:00'),
(128, 37, '光復路優質套房', '澎湖縣', '馬公市', '縣府新村', '蔡淑花', '0931115318', '0', '2023-04-26 13:00:00'),
(129, 37, '貨櫃屋含衛浴', '澎湖縣', '七美鄉', '西湖村13號', '蔡淑花', '0986094046', '0', '2023-04-26 13:00:00'),
(130, 37, '三多路套房出租,,近馬高，澎科', '澎湖縣', '馬公市', '三多路69號', '蔡淑花', '0986094046', '0', '2023-04-26 13:00:00'),
(131, 37, '一般套房.套房短期出租', '澎湖縣', '馬公市', '中華路22號', '蔡淑花', '0986094046', '0', '2023-04-26 13:00:00'),
(132, 38, '湖前全新吉屋出租', '金門縣', '金湖鎮', '湖前', '施淑萍', '0986094046', '0', '2023-04-26 13:00:00'),
(133, 38, '金城鳳翔新莊透天獨立2樓出租', '金門縣', '金城鎮', '珠浦西路86巷9號', '施淑萍', '0987082334', '0', '2023-04-26 13:00:00'),
(134, 38, '金城生活圈中心近金大套房出租', '金門縣', '金城鎮', '珠浦東路', '施淑萍', '0987082334', '0', '2023-04-26 13:00:00'),
(135, 38, '鄰近金門大學透天套房出租 優選好屋', '金門縣', '金寧鄉', '環島北路二段50巷7', '施淑萍', '0987082334', '0', '2023-04-26 13:00:00'),
(136, 39, '【長庚醫院】寵物租屋｜家庭小資｜含管理費', '基隆市', '安樂區', '麥金路', '閔耀德', '0987082334', '✨若騎車或帶看中漏接電話，亦歡迎Line/簡訊聯繫\n\n李先生：０９０３９３３２６９\nＬＩＮＥ：@193xitlg', '2023-04-26 13:00:00'),
(137, 39, '~個性輕工業~2樓+鬧中取靜+新裝修~ 優選好屋', '基隆市', '信義區', '正信路', '閔耀德', '0920365094', '0', '2023-04-26 13:00:00'),
(138, 39, '福民街精美3房具電全鄰62快道.交通便.', '基隆市', '信義區', '深澳坑路61巷', '閔耀德', '0920365094', '0', '2023-04-26 13:00:00'),
(139, 39, '~法院旁.獨棟邊間.新裝潢+拎包入住..', '基隆市', '信義區', '東信路3巷69號', '閔耀德', '0920365094', '0', '2023-04-26 13:00:00'),
(140, 3, '測試', '台北市', '測試', '測試', '測試', '0912345678', '測試', '2023-05-24 17:44:44');

-- --------------------------------------------------------

--
-- 資料表結構 `user`
--

CREATE TABLE `user` (
  `uId` int(10) NOT NULL,
  `name` varchar(10) NOT NULL,
  `phone` text NOT NULL DEFAULT '0912345678',
  `email` varchar(40) NOT NULL,
  `password` varchar(20) NOT NULL,
  `permission` enum('user','manager') NOT NULL
) ENGINE=InnoDB DEFAULT CHARSET=utf8mb4 COLLATE=utf8mb4_general_ci;

--
-- 傾印資料表的資料 `user`
--

INSERT INTO `user` (`uId`, `name`, `phone`, `email`, `password`, `permission`) VALUES
(1, '鄔仁迪', '0914168771', 'whats2000mc@gmail.com', '<?php A1?>', 'manager'),
(2, '翁武麟', '0902379316', 'willy910928@gmail.com', 'Bb1234567!', 'manager'),
(3, '黃冠誠', '0912290366', 'alan88.huang@gmail.com', 'Cc1234567!', 'manager'),
(4, '王姵財', '0935957190', 'RHibDzsJC@gmail.com', 'BfPRSsVK', 'user'),
(5, '陳惠君', '0927885537', 'NGCz4BS4he8F3A@gmail.com', '6xSbUDRd', 'user'),
(6, '張欣儀', '0927666654', 'GJJj6Sx9@gmail.com', '6FfQfCAw', 'user'),
(7, '黃鎮宇', '0914070145', 'trmNZmOzH8X@gmail.com', '3WWUnuq7', 'user'),
(8, '陳彥玫', '0918377045', 'Z2xm9Vu4H@gmail.com', 'P7k8zdkt', 'user'),
(9, '彭育如', '0939244782', 'kw6GGDeR2FDQ3K@gmail.com', 'Dt4sKy4e', 'user'),
(10, '祁可欣', '0919627374', 'Qcsx38AcvuOpPW@gmail.com', 'dX33YR4P', 'user'),
(11, '陳成伯', '0934074347', 'HZh9vnUnpzZv@gmail.com', '48Qnaf4q', 'user'),
(12, '黃文合', '0926513557', 'djjwjhy14LAPP@gmail.com', 'q95wvkum', 'user'),
(13, '陳柔宏', '0925610999', 'EaxyUYknp77uF2@gmail.com', 'S2UTKTtt', 'user'),
(14, '林木芳', '0939137808', 'FxJY8kl96iCuP@gmail.com', 'gYva3SAc', 'user'),
(15, '梁美玉', '0920964792', 'ER3Uyybc69@gmail.com', '7fH7RWkM', 'user'),
(16, '沈晉純', '0986967829', 'nwMGzmWiUR@gmail.com', 'xgB36U6w', 'user'),
(17, '許世江', '0982566078', 't48HXbN9hb@gmail.com', 'aXWBS4QS', 'user'),
(18, '姚賢恭', '0931115318', 'fBn4tQYaXD@gmail.com', 'haecHbTc', 'user'),
(19, '鄭仲茜', '0986094046', 'CVU2y0p@gmail.com', 'EFUeke9k', 'user'),
(20, '汪婷婷', '0987082334', 'c0qHUnp0t9f@gmail.com', '8kNqN8CR', 'user'),
(21, '蔡淑花', '0920365094', 'L0eOHh2rcFw@gmail.com', 'W6ftCrqs', 'user'),
(22, '施淑萍', '0971615586', 'KYJtmh0EjQ8@gmail.com', 'w3craaSf', 'user'),
(23, '閔耀德', '0954698158', 'KBIXt94g1u@gmail.com', 'tWmXMu7c', 'user'),
(24, '陳為和', '0987721141', 'IAzbrHNd5ZPMvS@gmail.com', 'uudSwWMH', 'user'),
(25, '李宛蓉', '0953083735', 'a0gJ2CvgN@gmail.com', 'uDShAGZ5', 'user'),
(26, '虞心怡', '0925282170', 'gpRlghGmV@gmail.com', 'eUDbMumn', 'user'),
(27, '陳任輝', '0932966983', 'HMZUD6604wUr@gmail.com', 'QNUt3mut', 'user'),
(28, '陳佳年', '0922805562', 'IBuWRJKvTup0vB@gmail.com', 'ZUB3a23T', 'user'),
(29, '許詩婷', '0989807171', 'y9k4hwJad@gmail.com', 'VEXcgCH8', 'user'),
(30, '王嘉惠', '0916224848', 'VgpMAPJOOP4Ie9@gmail.com', 'hGw8CTEv', 'user'),
(31, '姚怡菁', '0952129253', 'HiNwQByBCEy09@gmail.com', '4pveaTCy', 'user'),
(32, '蕭雅茹', '0933585842', 'wFz6L9uF@gmail.com', 'N8x3uzp7', 'user'),
(33, '郭家仁', '0913445596', 'P75Hhcq@gmail.com', 'M5pVrmy7', 'user'),
(34, '洪志翔', '0972597345', 'alTRzLpf@gmail.com', 'WPvay3vK', 'user'),
(35, '張奕君', '0939128448', 'ro0VMwK7@gmail.com', '6YKhaXQH', 'user'),
(36, '王明臻', '0955536071', 'lCnrkvI9kGc@gmail.com', 'ARKNyz4w', 'user'),
(37, '蔡佳玉', '0956438265', 'IX3i7xkGR5a@gmail.com', 'WDWacX5Y', 'user'),
(38, '郭俊毅', '0921968479', 'SsGZPoxS0Q@gmail.com', 'XNycMmrC', 'user'),
(39, '蕭士哲', '0927913240', 'aZ08DAfIk@gmail.com', '8h5pdFnE', 'user'),
(40, '沈幸丞', '0915090877', 'XERy2bknNvkK0@gmail.com', 'ZC8HeMS5', 'user'),
(41, '韓惠君', '0927630130', 'jKbeXjO9mvzAHn@gmail.com', 'rq6MG9kX', 'user'),
(42, '車志豪', '0926578467', 'ROm0lYJPBjn@gmail.com', '2Sb9vCAc', 'user'),
(43, '蔡信妏', '0919020735', 'tftuRGAVGb1@gmail.com', 'kwq6gC5R', 'user'),
(44, '吳家齊', '0916488454', 'be0eXc2X0kTcO@gmail.com', '63BzYk88', 'user'),
(45, '謝婉婷', '0927573187', 'x1PXlmky2B@gmail.com', 'e93mNS2a', 'user'),
(46, '汪明儒', '0989486246', 'a1AcYnfonpA@gmail.com', 'sVZ6EBPg', 'user'),
(47, '溫淑惠', '0961447039', 'afelqPQ@gmail.com', 'm6wtt9XU', 'user'),
(48, '黃瓊蘭', '0925645265', 'bSSNW43A3@gmail.com', 'Ww4pQhBS', 'user'),
(49, '丁中維', '0934860145', 'UQmCNaBlX7@gmail.com', 'dwk8Mw2A', 'user'),
(50, '陳嘉琪', '0924017631', 'EJUpBQqnfFpua@gmail.com', 'hUCcGEmF', 'user'),
(51, '郭孟涵', '0922972173', 'Yg11X0Ud@gmail.com', 'r4vXSgbu', 'user'),
(52, '張志吟', '0970172668', 'ncGJ6akdkrOT@gmail.com', 'uRGc2uqH', 'user'),
(53, '左淑玲', '0954715814', 'c2Cbb3mP6DbriZ@gmail.com', 'eV77Yz6X', 'user'),
(54, '王姿妤', '0921079461', 'Ie2VNlPOv@gmail.com', 'KHfnwK96', 'user'),
(55, '黃漢福', '0915720972', 'IcbFulo2YVe@gmail.com', 'SPtT85fP', 'user'),
(56, '王家榮', '0954206395', 'ikTE6cFmK@gmail.com', 'VreRe5xD', 'user'),
(57, '周函治', '0912328820', 'Fz6HgvTOO@gmail.com', 'vBUxsMv5', 'user'),
(58, '黃建志', '0919597831', 'bkf29RB4@gmail.com', 'uW3ruBBD', 'user'),
(59, '王毓善', '0958310820', 'rmnrR97Noif6R@gmail.com', '5Nn45qB6', 'user'),
(60, '湛宜蓁', '0927984978', 'q0hErxGcNCyLCm@gmail.com', 'Q2tFwymz', 'user'),
(61, '鄭淑南', '0926074597', 'VcOLaffgGZS@gmail.com', 'f37nDHzq', 'user'),
(62, '邱幼幸', '0955911042', 'Ey4fBCTauTDwN1@gmail.com', 'PT6YaabZ', 'user'),
(63, '沈靜雯', '0934797041', 'ZgjSW7nu@gmail.com', 'q3ym8D5m', 'user'),
(64, '孫依潔', '0958285928', 'gAEdU2plSsJi@gmail.com', 'EXKx2kdh', 'user'),
(65, '曹佳琳', '0936496810', 'MrTgpGhOJH@gmail.com', 'eWtzysRn', 'user'),
(66, '劉佐云', '0916450123', 'yXxpA895@gmail.com', 'P7kEsSNY', 'user'),
(67, '鐘舜文', '0923011323', 'D2Y9FRn70Zk@gmail.com', 'uAeqth7c', 'user'),
(68, '陳思涵', '0938888758', 'kjNhYYK3zR@gmail.com', 'SUknK4PF', 'user'),
(69, '胡有如', '0920501221', 'cbGIr8Mgf1SY@gmail.com', '6rMpAadF', 'user'),
(70, '吳惠雯', '0939105640', 'N3TN60pa0wwes@gmail.com', 'RAVcaCMx', 'user'),
(71, '黃筱剛', '0929324538', 'A10xu83u0cgS@gmail.com', '7Mm4yDBs', 'user'),
(72, '林惠婷', '0918977596', 'Ma4aKkXCY@gmail.com', 'vuhTxaWu', 'user'),
(73, '張國亨', '0923776024', 'aDVY0Jgmv48z08@gmail.com', 'qU7qGMCD', 'user'),
(74, '郭雅斌', '0987319788', 'fO0gPCCYQ2wo@gmail.com', 'MDKKvHav', 'user'),
(75, '鄭雅菱', '0937945058', 'GsuMP9jLObXE1@gmail.com', 'z5w7dYTu', 'user'),
(76, '楊佩音', '0936367195', 'Gc01SG5dX@gmail.com', 'ACuzXU4H', 'user'),
(77, '李翔祥', '0911906372', 'RBDKDyPnbl@gmail.com', '7uZD2nBR', 'user'),
(78, '吳炳帆', '0931767145', 'txgMpWa7c@gmail.com', 'WbCgeqmM', 'user'),
(79, '李冠廷', '0923030899', 'LWPaUcVS5i@gmail.com', 'aTEwzuy4', 'user'),
(80, '王雅新', '0963877300', 'u1uuRj7uf7@gmail.com', 'fUu7gSVC', 'user'),
(81, '林歡禎', '0933026798', 'mM1izA6rbp@gmail.com', 'dP8M6kX6', 'user'),
(82, '王詩涵', '0952928522', 'vurl3Ip85Y@gmail.com', 'RKAAgAvF', 'user'),
(83, '陳祖蓉', '0920674742', 'f7NGmPWfa67@gmail.com', 'ee6GGpfS', 'user'),
(84, '李佩君', '0972111987', 'wybF60HopIF@gmail.com', 'ZSxdR5VX', 'user'),
(85, '梁學茂', '0972737990', 'nDPpjw0dcxI@gmail.com', 'BwQwhrXm', 'user'),
(86, '連雅雯', '0914908682', 't9Q6JZw3@gmail.com', 'cdsynm7w', 'user'),
(87, '夏漢紫', '0972546949', 'obvm8cdpN@gmail.com', 'UVG2rdyK', 'user'),
(88, '陳盈平', '0929607693', 'xzjK7Ets7@gmail.com', 'xvHWqXdF', 'user'),
(89, '邱欣儀', '0954956691', 'fMu2m7MG3iXsz@gmail.com', 'fT9q7gC6', 'user'),
(90, '蕭若純', '0939469758', 'lhGmF8g@gmail.com', 'Vm7XHEbq', 'user'),
(91, '陳韋諭', '0956430430', 'gbhbDmlt3k@gmail.com', 'G5x5xEwh', 'user'),
(92, '李子依', '0925144002', 'toQeyLRny9xY@gmail.com', 'Xb4kzD6a', 'user'),
(93, '康麗玲', '0956292289', 'kz6S5MM0M@gmail.com', 'SCbd9zPA', 'user'),
(94, '黃子倩', '0972901437', 'AzBwflbPZew@gmail.com', 'FQ6QKqYp', 'user'),
(95, '楊若福', '0928125758', 'UaWlAH0IbDms9M@gmail.com', 'VsvpUCwx', 'user'),
(96, '張凱俊', '0954829398', 'C3htdqXoG@gmail.com', 'AkHHMevQ', 'user'),
(97, '程育維', '0932904274', 'C0evIaS9@gmail.com', 'SkeSMZzT', 'user'),
(98, '孫啟亞', '0922284501', 'VZkoyAYW@gmail.com', '2k4bk2DY', 'user'),
(99, '夏家綺', '0988357075', 'YxssHHQ8tB@gmail.com', '7rUB2yQn', 'user'),
(100, '林怡芳', '0952908829', 'MfF3ftei3RGo@gmail.com', 'dkMxWZkf', 'user'),
(101, '程愷元', '0984737746\r\n', 'kh010909997@gmail.com', 'Dd1234567!', 'manager'),
(102, '吳宛岳', '0962837128', 'kh010909998@gmail.com', 'Ee1234567!', 'manager'),
(103, '駱志強', '0941261824', 'kh0109092@gmail.com', 'Ff1234567!', 'manager'),
(104, '何旺火', '0974802757', 'kh0109091@gmail.com', 'Gg1234567!', 'manager'),
(105, '林敬原', '0946378330', 'youngatisis@gmail.com', 'Hh1234567!', 'manager'),
(106, '周于婷', '0907603130', 'alan888.huang@gmail.com', 'Ii1234567!', 'manager'),
(107, '陳柏成', '0973908152', 'willy910930gmail.com', 'Jj1234567!', 'manager');

--
-- 已傾印資料表的索引
--

--
-- 資料表索引 `browses`
--
ALTER TABLE `browses`
  ADD PRIMARY KEY (`uId`,`pId`,`browseTime`);

--
-- 資料表索引 `criticizes`
--
ALTER TABLE `criticizes`
  ADD PRIMARY KEY (`cId`);

--
-- 資料表索引 `house`
--
ALTER TABLE `house`
  ADD PRIMARY KEY (`hId`);

--
-- 資料表索引 `payment`
--
ALTER TABLE `payment`
  ADD PRIMARY KEY (`pId`,`payDate`);

--
-- 資料表索引 `post`
--
ALTER TABLE `post`
  ADD PRIMARY KEY (`pId`);

--
-- 資料表索引 `user`
--
ALTER TABLE `user`
  ADD PRIMARY KEY (`uId`);

--
-- 在傾印的資料表使用自動遞增(AUTO_INCREMENT)
--

--
-- 使用資料表自動遞增(AUTO_INCREMENT) `house`
--
ALTER TABLE `house`
  MODIFY `hId` int(10) NOT NULL AUTO_INCREMENT, AUTO_INCREMENT=180;

--
-- 使用資料表自動遞增(AUTO_INCREMENT) `user`
--
ALTER TABLE `user`
  MODIFY `uId` int(10) NOT NULL AUTO_INCREMENT, AUTO_INCREMENT=108;
COMMIT;

/*!40101 SET CHARACTER_SET_CLIENT=@OLD_CHARACTER_SET_CLIENT */;
/*!40101 SET CHARACTER_SET_RESULTS=@OLD_CHARACTER_SET_RESULTS */;
/*!40101 SET COLLATION_CONNECTION=@OLD_COLLATION_CONNECTION */;
